Steer, Accelerate
0,1
0,1
0,1
0,1
0,1
0,1
0,1
0,1
0,1
0,1
0,1
0,1
0,1
0,1
0,1
0,1
0,1
0,1
0,1
0,1
0,1
0,1
0,1
0,1
0,1
0,1
0,1
0,1
0,1
0,1
0,1
0,1
0,1
0,1
0,1
0,1
0,1
0,1
0,1
0,1
0,1
0,1
0,1
0,1
0,1
0,1
0,1
0,1
0,1
0,1
0,1
0,1
0,1
0,1
0,1
0,1
0,1
0,1
0,1
0,1
0,1
0,1
0,1
0,1
0,1
0,1
0,1
0,1
0,1
0,1
0,1
0,1
0,1
0,1
0,1
0,1
0,1
0,1
0,1
0,1
0,1
0,1
0,1
0,1
0,1
0,1
0,1
0,1
0,1
0,1
0,1
0,1
0,1
0,1
0,1
0,1
0,1
0,1
0,1
0,1
0,1
0,1
0,1
0,1
0,1
0,1
0,1
0,1
0,1
0,1
0,1
0,1
0,1
0,1
0,1
0,1
0,1
0,1
0,1
0,1
0,1
0,1
0,1
0,1
0,1
0,1
0,1
0,1
0,1
0,1
0,1
0,1
0,1
0,1
0,1
0,1
0,1
0,1
0,1
0,1
0,1
0,1
0,1
0,1
0,1
0,1
0,1
0,1
0,1
0,1
0,1
0,1
0,1
0,1
0,1
0,1
0,1
0,1
0,1
0,1
0,1
0,1
0,1
0,1
0,1
0,1
0,1
0,1
0,1
0,1
0,1
0,1
0,1
0,1
0,1
0,1
0,1
-0.2584711,1
-0.6151889,1
-0.9903702,1
-1,1
-1,1
-1,1
-1,1
-1,1
-1,1
-1,1
-1,1
-1,1
-1,1
-1,1
-1,1
-1,1
-1,1
-0.2772779,1
0,1
0,1
0,1
0,1
-0.4793455,1
-0.797725,1
-1,1
-1,1
-1,1
-1,1
-1,1
-1,1
-1,1
-1,1
-1,1
-1,1
-1,1
-1,1
-1,1
-1,1
-1,1
-1,1
-1,1
-1,1
-1,1
-1,1
-1,1
-1,1
-1,1
-1,1
-1,1
-1,1
-1,1
-1,1
-1,1
-1,1
-1,1
-1,1
-1,1
-1,1
-0.4852203,1
0,1
0,1
0,1
0,1
0,1
0,1
0,1
0,1
0,1
0,1
0,1
0,1
0,1
0,1
0,1
0,1
0,1
0,1
0,1
0,1
0,1
0,1
0,1
0,1
0,1
0,1
0,1
0,1
0,1
0,1
0,1
0,1
0,1
0,1
0,1
0,1
0,1
0,1
0,1
0,1
0,1
0,1
0,1
-0.04232712,1
-0.1805738,1
-0.1805738,1
0,1
0,1
0,1
0,1
0,1
0,1
0,1
0,1
0,1
0,1
-0.3153873,1
-1,1
-1,1
-1,1
-1,1
-1,1
-1,1
-1,1
-1,1
-1,1
-1,1
-1,1
-1,1
-1,1
-1,1
-1,1
-1,1
-1,1
-1,1
-1,1
-1,1
-1,1
-1,1
-1,1
-1,1
-1,1
-1,1
-1,1
-1,1
-1,1
-1,1
-1,1
-1,1
-1,1
-1,1
-1,1
-1,1
-1,1
-1,1
-1,1
-1,1
-1,1
-1,1
-1,1
-1,1
-1,1
-1,1
-1,1
-1,1
-1,1
-1,1
-1,1
-1,1
-1,1
-1,1
-1,1
-0.9609965,1
-0.18683,1
0,1
0,1
0,1
0,1
0,1
0,1
0,1
0,1
0,1
0,1
0,1
0,1
0,1
0,1
0,1
0,1
0,1
0,1
0,1
0,1
0,1
0,1
0,1
0,1
0,1
0,1
0,1
0,1
0,1
0,1
0,1
0,1
0,1
0,1
0,1
0,1
0,1
0,1
0,1
0,1
0,1
0,1
0,1
0,1
0,1
0,1
0,1
0,1
0,1
0,1
0,1
0,1
0,1
0,1
0,1
0,1
0,1
0,1
0,1
0,1
0,1
0,1
0,1
0,1
0,1
0,1
0,1
0,1
0,1
0,1
0,1
0,1
0,1
0,1
0,1
0,1
0,1
0,1
0,1
0,1
0,1
0,1
0,1
0,1
0,1
0,1
0,1
0,1
0,1
0,1
0,1
0,1
0,1
0,1
0,1
0,1
0,1
0,1
0,1
0,1
0,1
0,1
0,1
0,1
0,1
0,1
0,1
0,1
0,1
0,1
0,1
0,1
0,1
0,1
0,1
0,1
0,1
0,1
0,1
0,1
0,1
0,1
0,1
0,1
0,1
0,1
0,1
0,1
0,1
0,1
0,1
0,1
0,1
0,1
0,1
0,1
0,1
-0.2831526,1
-0.3436546,1
-0.6896148,1
-0.780406,1
-0.8521996,1
-0.9034318,1
-0.9365058,1
-0.9500864,1
-0.8875243,1
-0.5987473,1
-0.1638271,1
0,1
0,1
0,1
0,1
0,1
0,1
-0.21319,1
-1,1
-1,1
-1,1
-1,1
-1,1
-1,1
-1,1
-1,1
-1,1
-1,1
-1,1
-1,1
-1,1
-1,1
-1,1
-1,1
-1,1
-1,1
-1,1
-1,1
-1,1
-1,1
-1,1
-1,1
-1,1
-1,1
-1,1
-1,1
-1,1
-1,1
-1,1
-1,1
-1,1
-1,1
-1,1
-0.9772474,1
-2.145767E-05,1
0,1
0,1
0,1
0,1
0,1
0,1
0,1
0,1
0,1
0,1
0,1
0,1
0,1
0,1
0,1
0,1
0,1
0,1
0,1
0,1
0,1
0,1
0,1
0,1
0,1
0,1
0,1
0,1
0,1
0,1
0,1
0,1
0,1
0,1
0,1
-0.1715329,1
-0.4864028,1
-0.8235509,1
-0.8987397,1
-1,1
-1,1
-1,1
-1,1
-1,1
-1,1
-1,1
-1,1
-1,1
-1,1
0,1
0,1
0,1
0,1
0,1
0,1
0,1
0,1
0,1
0,1
0,1
0,1
0,1
0,1
0,1
0,1
0,1
0,1
0,1
0,1
-0.2396644,1
-1,1
-1,1
-1,1
-1,1
-1,1
-1,1
-1,1
-1,1
-1,1
-1,1
-1,1
-1,1
-1,1
-1,1
-1,1
-1,1
-1,1
-1,1
-1,1
-1,1
-1,1
-1,1
-1,1
-1,1
-1,1
-1,1
-0.8153492,1
-0.4370399,1
-0.04934624,1
0,1
0,1
0,1
0,1
0,1
0,1
0,1
0,1
0,1
0,1
0,1
0,1
0,1
0,1
0,1
-0.6191563,1
-1,1
-1,1
-1,1
-1,1
-1,1
-1,1
-1,1
-1,1
-1,1
-1,1
-1,1
-1,1
-1,1
-1,1
-1,1
-1,1
-1,1
-1,1
-1,1
-1,1
-0.718111,1
0,1
0,1
0,1
0,1
0,1
0,1
0,1
0,1
0,1
0,1
0,1
0,1
0,1
0,1
0,1
0,1
0,1
0,1
0,1
0,1
0,1
0,1
0,1
0,1
0,1
0,1
0,1
0,1
0,1
0,1
0,1
0,1
0,1
0,1
0,1
0,1
0,1
0,1
0,1
0,1
0,1
0,1
0,1
0,1
0,1
0,1
0.004675388,1
0.05468696,1
0.1681377,1
0.2704877,1
0.2998613,1
0.3138614,1
0.3187062,1
0.008223206,1
0.008223206,1
0,1
0,1
0,1
0,1
0,1
0,1
0,1
0,1
0,1
0,1
0,1
0,1
0,1
0,1
0,1
0,1
0,1
0,1
0,1
0,1
0,1
0,1
0,1
0,1
0,1
0,1
0,1
0,1
0,1
0,1
0,1
0,1
0,1
0,1
0,1
0,1
0,1
0,1
0,1
0,1
0,1
0,1
0,1
0,1
0,1
0,1
0,1
0,1
0,1
0,1
0,1
0,1
0,1
0,1
0,1
0,1
0,1
0,1
0,1
-0.2220402,1
-0.5997773,1
-0.8811155,1
-1,1
-1,1
-1,1
-1,1
-1,1
-1,1
-1,1
-1,1
-1,1
-1,1
-1,1
-1,1
-1,1
-1,1
-1,1
-1,1
-1,1
-1,1
-1,1
-1,1
-1,1
-0.4864028,1
-0.05289398,1
0,1
0,1
0,1
0,1
0,1
0,1
0,1
0,1
0,1
0,1
0,1
0,1
-0.3165699,1
-0.6431511,1
-0.9657268,1
-1,1
-1,1
-1,1
-1,1
-1,1
-1,1
-1,1
-1,1
-1,1
-1,1
-1,1
-1,1
-1,1
-1,1
-1,1
-1,1
-1,1
-1,1
-1,1
-1,1
-1,1
-0.4969697,1
0,1
0,1
0,1
0,1
0,1
0,1
0,1
0,1
0,1
0,1
0,1
0,1
0,1
0,1
0,1
0,1
-0.3153873,1
-0.6179736,1
-0.6602793,1
-0.9598521,1
-1,1
-1,1
-1,1
-1,1
-1,1
-0.3700909,1
0,1
0,1
0,1
0,1
0,1
0,1
0,1
0,1
0,1
0,1
0,1
0,1
0,1
0,1
0,1
0,1
0,1
0,1
0,1
0,1
0,1
0,1
-0.1927047,1
-0.4807951,1
-0.8205372,1
-1,1
-1,1
-1,1
-1,1
-1,1
-1,1
-1,1
-1,1
-1,1
-1,1
-1,1
-1,1
-1,1
-1,1
-1,1
-1,1
-0.5357276,1
0,1
0,1
0,1
0,1
0,1
0,1
0,1
0,1
0,1
0,1
0,1
-0.2443947,1
-0.6767209,1
-1,1
-1,1
-1,1
-1,1
-1,1
-1,1
-1,1
-1,1
-1,1
-1,1
-1,1
-1,1
-1,1
-1,1
-1,1
-1,1
-1,1
-1,1
-1,1
-1,1
-1,1
-1,1
-1,1
-1,1
-1,1
-1,1
-0.9833509,1
-0.4963212,1
0,1
0,1
0,1
0,1
0,1
0,1
0,1
0,1
0,1
0,1
0,1
0,1
0,1
0,1
0,1
0,1
0,1
0,1
0,1
0,1
0,1
0,1
0,1
0,1
0,1
0,1
0,1
0,1
0,1
0,1
0,1
0,1
0,1
0,1
0,1
0,1
0,1
0,1
0,1
0,1
0,1
0,1
0,1
0,1
0,1
0,1
0,1
0,1
0,1
0,1
0,1
0,1
0,1
0,1
0,1
0,1
0,1
0,1
0,1
0,1
0,1
0,1
0,1
0,1
0,1
0,1
0,1
0,1
0,1
0,1
0,1
0,1
0,1
0,1
0,1
0,1
0,1
0,1
0,1
0,1
0,1
0,1
0,1
0,1
0,1
0,1
0,1
0,1
0,1
0,1
0,1
-0.2265416,1
-0.3098177,1
-0.3793226,1
-0.4278845,1
-0.4589365,1
-0.4717922,1
-0.409154,1
-0.02733514,1
0,1
0,1
0,1
0,1
0,1
0,1
0,1
0,1
0,1
0,1
0,1
0,1
0,1
0,1
0,1
-0.03217988,1
-0.08608237,1
-0.1337286,1
-0.143647,1
-0.1663829,1
-0.1554728,1
-0.08814231,1
0,1
0,1
0,1
-0.3571588,1
-0.7448524,1
-1,1
-1,1
-1,1
-1,1
-1,1
-1,1
-1,1
-1,1
-1,1
-1,1
-1,1
-1,1
-1,1
-1,1
-1,1
-1,1
-1,1
-1,1
-0.6766446,1
-0.3266027,1
0,1
0,1
0,1
0,1
0,1
0,1
-0.2652995,1
-0.581848,1
-0.8869902,1
-1,1
-1,1
-1,1
-1,1
-1,1
-1,1
-1,1
-1,1
-1,1
-1,1
-1,1
-1,1
-1,1
-1,1
-1,1
-1,1
-1,1
-1,1
-1,1
-1,1
-1,1
-1,1
-1,1
-0.970419,1
-0.5576242,1
-0.2893325,1
0,1
0,1
0,1
0,1
0,1
0,1
0,1
0,1
-0.279643,1
-0.6003495,1
-0.9805281,1
-1,1
-1,1
-1,1
-1,1
-1,1
-1,1
-1,1
-1,1
-0.6367804,1
-0.3336599,1
0,1
0,1
0,1
0,1
0,1
0,1
0,1
0,1
0,1
0,1
0,1
0,1
0.4135028,1
1,1
1,1
1,1
1,1
1,1
1,1
1,1
1,1
0,1
0,1
0,1
0,1
0,1
0,1
0,1
0,1
0,1
0,1
0,1
0,1
0,1
0,1
0,1
0,1
0,1
0,1
0,1
0,1
0,1
0,1
0,1
0,1
0,1
0,1
-0.2161655,1
-0.5601038,1
-0.8809248,1
-1,1
-1,1
-1,1
-1,1
-1,1
-1,1
-1,1
-1,1
-1,1
-1,1
-1,1
-1,1
-1,1
-1,1
-1,1
-1,1
-1,1
-1,1
-1,1
-1,1
-1,1
-1,1
-1,1
-1,1
-1,1
-1,1
-1,1
-1,1
-1,1
-1,1
-1,1
-1,1
-1,1
-1,1
-1,1
-1,1
-1,1
-1,1
-1,1
-1,1
-1,1
-1,1
-1,1
-1,1
-1,1
-1,1
-0.9742337,1
-0.6946121,1
-0.2857848,1
-0.005896166,1
0,1
0,1
0,1
0,1
0,1
0,1
0,1
0,1
0,1
0,1
0,1
0,1
0,1
0,1
0,1
0,1
0,1
0,1
0,1
0,1
0,1
0,1
0,1
0,1
0,1
0,1
0,1
0,1
0,1
0,1
0,1
0,1
-0.2807875,1
-0.3365973,1
-0.4316229,1
-0.7112826,1
-0.8505974,1
-0.9046144,1
-0.9382606,1
-0.9319281,1
-0.441732,1
0,1
0,1
0,1
0,1
0,1
0,1
0,1
0,1
0,1
0,1
0,1
0,1
0,1
0,1
0,1
0,1
0,1
0,1
0,1
0,1
0,1
0,1
0,1
0,1
0,1
0,1
0,1
0,1
0,1
0,1
0,1
0,1
0,1
0,1
0,1
0,1
0,1
0,1
0,1
0,1
0,1
0,1
0,1
0,1
0,1
0,1
0,1
0,1
0,1
0,1
0,1
0,1
0,1
0,1
0,1
0,1
0,1
0,1
0,1
0,1
0,1
0,1
0,1
0,1
0,1
0,1
0,1
0,1
0,1
0,1
0,1
0,1
0,1
0,1
0,1
0,1
0,1
0,1
0,1
0,1
0,1
0,1
0,1
0,1
0,1
0,1
0,1
0,1
0,1
0,1
0,1
0,1
-0.3571588,1
-1,1
-1,1
-1,1
-1,1
-1,1
-1,1
-1,1
-1,1
-1,1
-1,1
-1,1
-1,1
-1,1
-1,1
-1,1
-1,1
-1,1
-1,1
-1,1
-1,1
-1,1
-1,1
-1,1
-1,1
-1,1
-1,1
-1,1
-1,1
-1,1
-1,1
-1,1
-1,1
-1,1
-1,1
-1,1
-1,1
-1,1
-1,1
-1,1
-1,1
-1,1
-1,1
-1,1
-1,1
-1,1
-0.5427849,1
0,1
0,1
0,1
0,1
0,1
0,1
0,1
0,1
0,1
0,1
0,1
0,1
0,1
0,1
0,1
0,1
0,1
0,1
0,1
0,1
0,1
0,1
0,1
0,1
0,1
0,1
0,1
0,1
0,1
0,1
0,1
0,1
0,1
0,1
0,1
0,1
0,1
0,1
0,1
0,1
0,1
0,1
0,1
0,1
0,1
0,1
0,1
0,1
0,1
0,1
0,1
0,1
0,1
0,1
-0.6144641,1
-0.6837019,1
-1,1
-1,1
-1,1
-1,1
-1,1
-1,1
-1,1
-1,1
-1,1
-1,1
-1,1
-0.9808332,1
-0.9616832,1
-1,1
-1,1
-1,1
-1,1
-1,1
-1,1
-1,1
-1,1
-1,1
-0.9574869,1
0,1
0,1
0,1
0,1
0,1
0,1
0,1
0,1
0,1
0,1
0,1
0,1
-0.2208958,1
-0.4992966,1
-0.5667034,1
-0.8637965,1
-1,1
-1,1
-1,1
-1,1
-1,1
-1,1
-1,1
-1,1
-1,1
-1,1
-1,1
-1,1
-1,1
-1,1
-1,1
-1,1
-1,1
-1,1
-1,1
-1,1
-1,1
-1,1
-1,1
-1,1
-1,1
-0.9316611,1
-0.006620958,1
0,1
0,1
0,1
0,1
0,1
0,1
0,1
0,1
0,1
0,1
0,1
0,1
0,1
0,1
0,1
0,1
0,1
-0.3214909,1
-0.7189884,1
-1,1
-1,1
-1,1
-0.6978547,1
0,1
0,1
0,1
0,1
0,1
0,1
0,1
0,1
0,1
0,1
0,1
0,1
0,1
0,1
0,1
0,1
0,1
0,1
0,1
0,1
0,1
0,1
0,1
0,1
0,1
0,1
0,1
0,1
0,1
0,1
0,1
0,1
0,1
0,1
0,1
0,1
0,1
0,1
0,1
0,1
0,1
0,1
0,1
0,1
0,1
0,1
0,1
0,1
0,1
0,1
0,1
0,1
0,1
0,1
0,1
0,1
0,1
0,1
0,1
0,1
0,1
0,1
0,1
0,1
0,1
0,1
0,1
0,1
0,1
0,1
0,1
0,1
0,1
0,1
0,1
0,1
0,1
0,1
0,1
0,1
0,1
0,1
0,1
0,1
0,1
0,1
0,1
0,1
0,1
0,1
0,1
0,1
0,1
0,1
0,1
0,1
0,1
0,1
0,1
0,1
0,1
0,1
0,1
0,1
0,1
0,1
0,1
0,1
0,1
0,1
-0.2018601,1
-0.5789868,1
-0.8832518,1
-0.9519174,1
-1,1
-1,1
-0.2772779,1
-0.2408469,1
-0.2130374,1
-0.4875472,1
-0.841175,1
-1,1
-1,1
-1,1
-1,1
-1,1
-1,1
-1,1
-1,1
-1,1
-1,1
-1,1
-1,1
-1,1
-1,1
-1,1
-1,1
-1,1
-1,1
-1,1
-1,1
-1,1
-1,1
-1,1
-1,1
-1,1
-1,1
-1,1
-1,1
-1,1
-1,1
-1,1
-1,1
-1,1
0,1
0,1
0,1
0,1
0,1
0,1
0,1
0,1
0,1
0,1
0,1
-0.1891571,1
-0.2593485,1
-0.6226659,1
-1,1
-1,1
-1,1
-1,1
-1,1
-1,1
-1,1
-1,1
-0.9915527,1
-0.6156085,1
-0.2094134,1
0,1
0,1
0,1
0,1
0,1
0,1
0,1
0,1
0,1
0,1
0,1
0,1
0,1
0,1
0,1
0,1
0,1
0,1
0,1
0,1
0,1
0,1
0,1
0,1
0,1
0,1
0,1
0,1
0,1
0,1
0,1
0,1
0,1
0,1
0,1
0,1
0,1
0,1
0,1
0,1
0,1
0,1
0,1
0,1
-0.2408469,1
-0.6203389,1
-1,1
-1,1
-1,1
-1,1
-1,1
-1,1
-1,1
-1,1
-1,1
-1,1
-1,1
-1,1
-1,1
-1,1
-1,1
-1,1
-1,1
-1,1
-1,1
-1,1
-1,1
-1,1
-1,1
-1,1
-1,1
-1,1
-1,1
-1,1
-1,1
-1,1
-1,1
-1,1
-1,1
-1,1
-1,1
-1,1
-1,1
-1,1
-1,1
-1,1
-0.9927353,1
-0.9156391,1
-0.2737683,1
0,1
0,1
0,1
0,1
0,1
0,1
0,1
0,1
0,1
0,1
0,1
-0.2159747,1
-0.8303792,1
-0.8303792,1
-1,1
-1,1
-1,1
-1,1
-0.9322333,1
-0.5498421,1
-0.1497506,1
0,1
0,1
0,1
0,1
0,1
0,1
0,1
0,1
0,1
0,1
0,1
0,1
0,1
0,1
0,1
0,1
0,1
0,1
0,1
0,1
0,1
0,1
0,1
0,1
0,1
0,1
0,1
0,1
0,1
0,1
0,1
0,1
0,1
0,1
0,1
0,1
0,1
0,1
0,1
0,1
0,1
0,1
0,1
0,1
0,1
0,1
0,1
0,1
0,1
0,1
0,1
0,1
0,1
0,1
0,1
0,1
0,1
0,1
0,1
0,1
0,1
0,1
0,1
0,1
0,1
0,1
0,1
0,1
0,1
0,1
0,1
0,1
0,1
0,1
0,1
0,1
0,1
0,1
0,1
0,1
0,1
0,1
0,1
0,1
0,1
0,1
0,1
0,1
0,1
0,1
0,1
0,1
0,1
0,1
0,1
0,1
0,1
0,1
0,1
0,1
0,1
0,1
0,1
0,1
0,1
0,1
0,1
0,1
0,1
0,1
0,1
0,1
-0.04537888,1
-0.1211781,1
-0.4664135,1
-0.5076128,1
-0.9598521,1
-1,1
-1,1
-1,1
-1,1
-1,1
-1,1
-1,1
-1,1
-1,1
-1,1
-1,1
-1,1
-1,1
-1,1
-0.04701927,1
0,1
0,1
0,1
0,1
0,1
0,1
0,1
0,1
0,1
0,1
0,1
0,1
-0.2866622,1
-0.3471642,1
-0.6815657,1
-0.9716015,1
-1,1
-1,1
-1,1
-1,1
-1,1
-1,1
-1,1
-1,1
-1,1
-1,1
-1,1
-1,1
-1,1
-1,1
-1,1
-1,1
-1,1
-1,1
-1,1
-1,1
-1,1
-1,1
-1,1
-1,1
-1,1
-1,1
-1,1
-1,1
-1,1
-1,1
-1,1
-1,1
-1,1
-1,1
-1,1
-0.5470955,1
-0.1372382,1
0,1
0,1
0,1
0,1
0,1
0,1
0,1
0,1
0,1
0,1
0,1
0,1
0,1
0,1
0,1
0,1
0,1
0,1
0,1
0,1
0,1
0,1
0,1
0,1
0,1
0,1
0,1
0,1
0,1
0,1
0,1
0,1
0,1
0,1
0,1
0,1
0,1
0,1
0,1
0,1
0,1
0,1
0,1
0,1
0,1
0,1
0,1
0,1
0,1
0,1
0,1
0,1
-0.212656,1
-0.4992966,1
-0.5588068,1
-0.5981369,1
-0.715784,1
-0.7916976,1
-0.8093218,1
-0.8017686,1
-0.7342855,1
-0.4481408,1
-0.1527261,1
0,1
0,1
0,1
0,1
0,1
-0.2208958,1
-0.7413429,1
-1,1
-1,1
-1,1
-1,1
-1,1
-1,1
-1,1
-1,1
-1,1
-1,1
-1,1
-1,1
-1,1
-1,1
-1,1
-1,1
-1,1
-1,1
-1,1
-1,1
-1,1
-1,1
-1,1
-1,1
-1,1
-1,1
-1,1
-1,1
-1,1
-1,1
-1,1
-1,1
-1,1
-1,1
-1,1
-1,1
-1,1
-1,1
-1,1
-1,1
-0.7448524,1
-0.3571588,1
0,1
0,1
0,1
0,1
0,1
0,1
0,1
0,1
0,1
0,1
0,1
0,1
0,1
0,1
0,1
0,1
0,1
0,1
0,1
0,1
0,1
0,1
0,1
0,1
0,1
0,1
0,1
0,1
0,1
0,1
0,1
0,1
0,1
0,1
0,1
0,1
0,1
0,1
0,1
0,1
0,1
0,1
0,1
0,1
0,1
0,1
0,1
0,1
0,1
0,1
0,1
0,1
0,1
0,1
0,1
0,1
0,1
0,1
0,1
0,1
0,1
0,1
0,1
0,1
0,1
0,1
0,1
0,1
0,1
0,1
0,1
0,1
0,1
0,1
0,1
0,1
0,1
0,1
0,1
0,1
0,1
0,1
0,1
0,1
0,1
0,1
0,1
0,1
0,1
0,1
0,1
0,1
0,1
0,1
0,1
0,1
0,1
0,1
0,1
0,1
0,1
0,1
0,1
0,1
0,1
-0.1943833,1
-0.5480111,1
-0.8933991,1
-1,1
-1,1
-1,1
-1,1
-1,1
-1,1
-0.784793,1
-0.7187214,1
-0.627358,1
0,1
0,1
0,1
0,1
0,1
0,1
0,1
0,1
0,1
0,1
0,1
0,1
0,1
0,1
0,1
0,1
0,1
0,1
0,1
0,1
0,1
0,1
0,1
0,1
0,1
-0.318172,1
-0.625298,1
-0.985678,1
-1,1
-1,1
-1,1
-1,1
-1,1
-1,1
-1,1
-1,1
-1,1
-1,1
-1,1
-1,1
-1,1
-0.9716015,1
-0.6708462,1
-0.6029817,1
-0.1677944,1
0,1
0,1
0,1
0,1
0,1
-0.2549616,1
-0.6015321,1
-0.6710751,1
-0.9901794,1
-1,1
-1,1
-1,1
-1,1
-1,1
-1,1
-1,1
-1,1
-1,1
-1,1
-1,1
-1,1
-1,1
-1,1
-1,1
-1,1
-1,1
-1,1
-1,1
-1,1
-1,1
-1,1
-0.7542367,1
0,1
0,1
0,1
0,1
0,1
0,1
0,1
0,1
-0.1774076,1
-0.8599818,1
-1,1
-1,1
-1,1
-1,1
-1,1
-1,1
-1,1
-0.2267705,1
0,1
0,1
0,1
0,1
0,1
0,1
0,1
0,1
0,1
0,1
0,1
0,1
0,1
0,1
0,1
0,1
0,1
0,1
0,1
0,1
0,1
0,1
0,1
0,1
0,1
0,1
0,1
0,1
0,1
0,1
0,1
0,1
0,1
0,1
0,1
0,1
0,1
0,1
0,1
0,1
0,1
0,1
0,1
0,1
0,1
0,1
0,1
0,1
0,1
0,1
0,1
0,1
0,1
-0.7566019,1
-1,1
-1,1
-1,1
-1,1
-1,1
-1,1
-1,1
-1,1
-1,1
-1,1
-1,1
-1,1
-1,1
-1,1
-1,1
-1,1
-1,1
-1,1
-1,1
-1,1
-1,1
-1,1
-1,1
-1,1
-1,1
-1,1
-1,1
-1,1
-1,1
-1,1
-1,1
-1,1
-1,1
-1,1
-1,1
-0.9504297,1
0,1
0,1
0,1
0,1
0,1
0,1
0,1
0,1
0,1
-0.2631633,1
-0.6837782,1
-1,1
-1,1
-1,1
-1,1
-0.5310354,1
0.05636543,1
0,1
0,1
0,1
0,1
0,1
0,1
0,1
0,1
0,1
0,1
0,1
0,1
0,1
0,1
0,1
0,1
0,1
0,1
0,1
0,1
0,1
0,1
0,1
0,1
0,1
0,1
0,1
0,1
0,1
0,1
0,1
0,1
0,1
0,1
0,1
0,1
0,1
0,1
0,1
0,1
0,1
0,1
0,1
0,1
0,1
0,1
0,1
0,1
0,1
0,1
0,1
0,1
0,1
0,1
0,1
0,1
0,1
0,1
0,1
0,1
0,1
0,1
0,1
0,1
0,1
0,1
0,1
0,1
0,1
0,1
0,1
0,1
0,1
0,1
0,1
0,1
0,1
0,1
0,1
0,1
0,1
0,1
0,1
0,1
0,1
0,1
0,1
0,1
0,1
0,1
0,1
0,1
0,1
0,1
0,1
0,1
0,1
0,1
0,1
0,1
0,1
0,1
0,1
0,1
0,1
0,1
0,1
-0.5486596,1
-1,1
-1,1
-1,1
-1,1
-1,1
-1,1
-1,1
-1,1
-1,1
-1,1
-1,1
-1,1
-1,1
-1,1
-1,1
-1,1
-1,1
-1,1
-1,1
-1,1
-0.6038591,1
0,1
0,1
0,1
0,1
0,1
0,1
0,1
0,1
0,1
0,1
0,1
0,1
0,1
-0.1139682,1
-0.4405876,1
-0.841175,1
-1,1
-1,1
-1,1
-1,1
-1,1
-1,1
-1,1
-1,1
-1,1
-1,1
-1,1
-1,1
-1,1
-1,1
-1,1
-1,1
-1,1
-1,1
-1,1
-0.9798033,1
-0.2396644,1
0,1
0,1
0,1
0,1
0,1
0,1
0,1
0,1
0,1
0,1
0,1
0,1
0,1
0,1
0,1
0,1
0,1
0,1
0,1
-0.3298452,1
-0.6337668,1
-1,1
-1,1
-1,1
-1,1
-1,1
-1,1
-1,1
-1,1
-1,1
-1,1
-1,1
-1,1
-1,1
-1,1
-0.9046144,1
0,1
0,1
0,1
0,1
0,1
0,1
0,1
0,1
0,1
0,1
0,1
0,1
0,1
0,1
0,1
0,1
0,1
0,1
0,1
0,1
0,1
0,1
0,1
0,1
0,1
0,1
0,1
0,1
0,1
0,1
0,1
0,1
0,1
0,1
0,1
0,1
0,1
0,1
0,1
0,1
0,1
0,1
-0.3571588,1
-0.7577845,1
-1,1
-1,1
-1,1
-1,1
-1,1
-1,1
-1,1
-1,1
-1,1
-1,1
-1,1
-1,1
-1,1
-1,1
-1,1
-1,1
-1,1
-1,1
-1,1
-1,1
-1,1
-1,1
-1,1
-1,1
-1,1
-1,1
-1,1
-1,1
-1,1
-1,1
-1,1
-1,1
-1,1
-1,1
-1,1
-1,1
-1,1
-1,1
-1,1
-1,1
-1,1
-0.7483621,1
-0.3536493,1
-0.05598389,1
0,1
0,1
0,1
0,1
0,1
0,1
0,1
0,1
0,1
0,1
0,1
0,1
0,1
0,1
0,1
0,1
0,1
0,1
0,1
0,1
0,1
0,1
0,1
0,1
0,1
0,1
0,1
0,1
0,1
0,1
0,1
0,1
0,1
0,1
0,1
0,1
0,1
0,1
0,1
0,1
0,1
0,1
0,1
0,1
0,1
0,1
0,1
0,1
0,1
0,1
0,1
0,1
0,1
0,1
0,1
0,1
0,1
0,1
0,1
0,1
0,1
0,1
0,1
0,1
0,1
0,1
0,1
0,1
0,1
0,1
0,1
0,1
0,1
0,1
0,1
0,1
0,1
0,1
0,1
0,1
0,1
0,1
0,1
0,1
0,1
0,1
0,1
0,1
0,1
0,1
0,1
0,1
0,1
0,1
0,1
0,1
0,1
0,1
0,1
0,1
0,1
0,1
0,1
0,1
0,1
0,1
0,1
0,1
0,1
0,1
-0.4875472,1
-0.5545343,1
-0.8976334,1
-1,1
-1,1
-1,1
-1,1
-1,1
-1,1
0,1
0,1
0,1
0,1
0,1
0,1
0,1
0,1
0,1
0,1
0,1
0,1
-0.26179,1
-0.6549005,1
-1,1
-1,1
-1,1
-1,1
-1,1
-1,1
-1,1
-1,1
-0.5486596,1
0,1
0,1
0,1
0,1
0,1
0,1
0,1
0,1
0,1
0,1
0,1
0,1
0,1
0,1
0,1
0,1
0,1
-0.2549616,1
-0.3187442,1
-0.6344153,1
-1,1
-1,1
-1,1
-1,1
-1,1
-1,1
-1,1
-1,1
-1,1
-1,1
-1,1
-1,1
-1,1
-1,1
-1,1
-1,1
-1,1
-1,1
-1,1
-1,1
-1,1
-1,1
-1,1
-1,1
-1,1
-0.9147617,1
-0.1010362,1
0,1
0,1
0,1
0,1
0,1
0,1
0,1
0,1
-0.05194031,1
-0.3559763,1
-0.3965271,1
-0.4695034,1
-0.553924,1
-0.6251073,1
-0.7165852,1
-0.743441,1
-0.6965194,1
-0.3007768,1
0,1
0,1
0,1
0,1
0,1
0,1
0,1
0,1
0,1
0,1
0,1
0,1
0,1
0,1
0,1
0,1
-0.1765302,1
-0.342472,1
-0.4297155,1
-0.5103213,1
-0.5750958,1
-0.6310583,1
-0.18683,1
0,1
0,1
0,1
0,1
0,1
0,1
0,1
0,1
0,1
0,1
-0.1973969,1
-0.4864028,1
-0.5588449,1
-0.8771482,1
-1,1
-1,1
-1,1
-1,1
-1,1
-1,1
-1,1
-0.3606685,1
0,1
0,1
0,1
0,1
0,1
0,1
0,1
0,1
0,1
0,1
-0.1879744,1
-0.506354,1
-0.8919876,1
-1,1
-1,1
-1,1
-1,1
-1,1
-1,1
-1,1
-1,1
-1,1
-1,1
-1,1
-1,1
-1,1
-1,1
-1,1
-1,1
-1,1
-1,1
-1,1
-1,1
-1,1
-1,1
-1,1
-1,1
-1,1
-1,1
-1,1
-1,1
-1,1
-1,1
-1,1
-1,1
-1,1
-1,1
-1,1
-1,1
-0.4769804,1
0,1
0,1
0,1
0,1
0,1
0,1
0,1
0,1
0,1
0,1
0,1
0,1
0,1
0,1
0,1
0,1
0,1
0,1
0,1
0,1
0,1
0,1
0,1
0,1
0,1
0,1
0,1
0,1
0,1
0,1
0,1
0,1
-0.2643459,1
-0.3122211,1
-0.6938873,1
-0.7410377,1
-0.8097414,1
-0.8734097,1
-0.9149906,1
-0.9415413,1
-0.5806654,1
0,1
0,1
0,1
0,1
0,1
0,1
0,1
0,1
0,1
0,1
0,1
0,1
0,1
0,1
0,1
0,1
0,1
0,1
0,1
0,1
0,1
0,1
0,1
0,1
0,1
0,1
0,1
0,1
0,1
0,1
0,1
0,1
0,1
0,1
0,1
0,1
0,1
0,1
0,1
0,1
0,1
0,1
0,1
0,1
0,1
0,1
0,1
0,1
0,1
0,1
0,1
0,1
0,1
0,1
0,1
0,1
0,1
0,1
0,1
0,1
0,1
0,1
0,1
0,1
0,1
0,1
0,1
0,1
0,1
0,1
0,1
0,1
0,1
0,1
0,1
0,1
0,1
0,1
0,1
0,1
0,1
0,1
0,1
0,1
0,1
0,1
0,1
0,1
0,1
0,1
0,1
0,1
0,1
0,1
0,1
0,1
0,1
0,1
0,1
0,1
0,1
0,1
0,1
0,1
0,1
0,1
0,1
0,1
0,1
0,1
0,1
0,1
-0.2458443,1
-1,1
-1,1
-1,1
-1,1
-1,1
-1,1
-1,1
-1,1
-1,1
-1,1
-1,1
-1,1
-1,1
-1,1
-1,1
-1,1
-1,1
-0.6629115,1
-0.2547327,1
-0.1646282,1
-0.1122897,1
-0.7436699,1
-1,1
-1,1
-1,1
-1,1
-1,1
-1,1
-1,1
-1,1
-1,1
-1,1
-1,1
-1,1
-1,1
-1,1
-1,1
-1,1
-1,1
-1,1
-1,1
-1,1
-1,1
-1,1
-1,1
-1,1
-1,1
-1,1
-1,1
-1,1
-1,1
-1,1
-0.2925369,1
0,1
0,1
0,1
0,1
0,1
0,1
0,1
0,1
0,1
0,1
0,1
0,1
0,1
0,1
-0.5040269,1
-0.5327902,1
-0.5571665,1
-0.5700222,1
0,1
0,1
0,1
0,1
0,1
0,1
0,1
0,1
0,1
0,1
0,1
0,1
0,1
0,1
0,1
0,1
0,1
0,1
0,1
0,1
0,1
0,1
0,1
0,1
0,1
0,1
0,1
0,1
0,1
0,1
0,1
0,1
0,1
0,1
0,1
0,1
0,1
-0.2443947,1
-0.7099093,1
-1,1
-1,1
-1,1
-1,1
-1,1
-1,1
-1,1
-1,1
-1,1
-1,1
-1,1
-1,1
-1,1
-1,1
-1,1
-1,1
-1,1
-0.1891571,1
0,1
0,1
0,1
0,1
0,1
0,1
0,1
0,1
0,1
0,1
-0.4652309,1
-0.532218,1
-0.8599818,1
-0.9212849,1
-1,1
-1,1
-1,1
-1,1
-1,1
-1,1
-1,1
-1,1
-1,1
-1,1
-1,1
-1,1
-1,1
-1,1
-1,1
-1,1
-1,1
-1,1
-1,1
-1,1
-1,1
-1,1
-1,1
-1,1
-1,1
-1,1
-1,1
-1,1
-1,1
-1,1
0,1
0,1
0,1
0,1
0,1
0,1
0,1
0,1
0,1
0,1
0,1
0,1
0,1
0,1
0,1
0,1
0,1
0,1
0,1
0,1
0,1
0,1
0,1
0,1
0,1
0,1
0,1
0,1
0,1
0,1
0,1
0,1
0,1
0,1
0,1
0,1
0,1
0,1
0,1
0,1
0,1
0,1
0,1
0,1
0,1
0,1
0,1
0,1
0,1
0,1
0,1
0,1
0,1
0,1
0,1
0,1
0,1
0,1
0,1
0,1
0,1
0,1
0,1
0,1
0,1
0,1
0,1
0,1
0,1
0,1
0,1
0,1
0,1
0,1
0,1
0,1
0,1
0,1
0,1
0,1
0,1
0,1
0,1
0,1
0,1
0,1
0,1
0,1
0,1
0,1
0,1
0,1
0,1
0,1
0,1
0,1
0,1
0,1
0,1
0,1
0,1
0,1
0,1
0,1
0,1
0,1
0,1
0,1
0,1
0,1
0,1
0,1
0,1
0,1
0,1
0,1
-0.2067812,1
-0.4918197,1
-0.5763547,1
-0.8489571,1
-0.8516656,1
-0.8552896,1
-0.5439675,1
0,1
0,1
0,1
0,1
0,1
0,1
0,1
-0.1621486,1
-0.4864028,1
-0.8634914,1
-1,1
-1,1
-1,1
-1,1
-1,1
-1,1
-1,1
-0.6716473,1
-0.6140063,1
-0.59272,1
-0.6298757,1
-1,1
-1,1
-1,1
-1,1
-1,1
-0.1269002,1
0,1
0,1
0,1
0,1
0,1
0,1
0,1
0,1
0,1
0,1
0,1
0,1
0,1
0,1
-0.2972291,1
-0.8388481,1
-1,1
-1,1
-1,1
-1,1
-1,1
-1,1
-1,1
-1,1
-1,1
-1,1
-1,1
-1,1
-1,1
-1,1
-1,1
-1,1
-1,1
-1,1
-1,1
-1,1
-1,1
-1,1
-1,1
-1,1
-1,1
-1,1
0,1
0,1
0,1
0,1
0,1
0,1
0,1
0,1
0,1
0,1
0,1
0,1
0,1
0,1
0,1
0,1
0,1
0,1
0,1
0,1
0,1
0,1
0,1
0,1
0,1
0,1
0,1
0,1
0,1
0,1
0,1
0,1
0,1
0,1
0,1
0,1
0,1
-0.173898,1
-0.4992966,1
-0.8141666,1
-0.8715023,1
-1,1
-1,1
-1,1
-1,1
-1,1
-0.972746,1
-0.3348426,1
0,1
0,1
0,1
0,1
0,1
0,1
0,1
0,1
0,1
0,1
0,1
0,1
-0.2784604,1
-0.7389778,1
-1,1
-1,1
-1,1
-1,1
-1,1
-1,1
-1,1
-1,1
-1,1
-1,1
-1,1
-1,1
-1,1
-1,1
-1,1
-1,1
-1,1
-1,1
-1,1
-1,1
-1,1
-1,1
-1,1
-1,1
-1,1
-1,1
-1,1
-1,1
-1,1
-1,1
-1,1
-1,1
-1,1
-1,1
-1,1
-1,1
-1,1
-1,1
-1,1
-1,1
-1,1
-1,1
-1,1
-1,1
-1,1
-0.439405,1
0,1
0,1
0,1
0,1
0,1
0,1
0,1
0,1
0,1
0,1
0,1
0,1
0,1
0,1
0,1
0,1
0,1
0,1
0,1
0,1
0,1
0,1
0,1
0,1
0,1
0,1
0,1
0,1
0,1
0,1
0,1
0,1
0,1
0,1
0,1
0,1
0,1
0,1
0,1
0,1
0,1
0,1
0,1
0,1
0,1
0,1
0,1
0,1
0,1
0,1
0,1
0,1
0,1
0,1
0,1
0,1
0,1
0,1
0,1
0,1
0,1
0,1
0,1
0,1
0,1
0,1
0,1
0,1
0,1
0,1
0,1
0,1
0,1
0,1
0,1
0,1
0,1
0,1
0,1
0,1
0,1
0,1
0,1
0,1
0,1
0,1
0,1
0,1
0,1
0,1
0,1
0,1
0,1
0,1
0,1
0,1
0,1
0,1
0,1
0,1
0,1
0,1
0,1
0,1
0,1
0,1
0,1
0,1
0,1
0,1
0,1
0,1
0,1
0,1
0,1
0,1
0,1
0,1
0,1
0,1
0,1
0,1
0,1
0,1
0,1
0,1
0,1
0,1
0,1
0,1
0,1
0,1
0,1
0,1
0,1
0,1
0,1
0,1
0,1
0,1
0,1
0,1
-0.2312338,1
-1,1
-1,1
-1,1
-1,1
-1,1
-1,1
-1,1
-1,1
-1,1
-1,1
-1,1
-1,1
-1,1
-1,1
-1,1
-1,1
-1,1
-1,1
-1,1
-1,1
-1,1
-1,1
-1,1
-0.3407173,1
0,1
0,1
0,1
0,1
0,1
0,1
0,1
-0.173898,1
-0.6179736,1
-1,1
-1,1
-1,1
-1,1
-1,1
-1,1
-1,1
-1,1
-1,1
-1,1
-1,1
-1,1
-1,1
-1,1
-1,1
-1,1
-1,1
-1,1
-1,1
-1,1
-1,1
-1,1
-1,1
-1,1
-1,1
-1,1
-1,1
-1,1
-1,1
-0.4840376,1
0,1
0,1
0,1
0,1
0,1
0,1
0,1
0,1
0,1
0,1
0,1
0,1
0,1
0,1
0,1
0,1
0,1
0,1
0,1
0,1
0,1
0,1
0,1
0,1
0,1
0,1
0,1
0,1
0,1
0,1
0,1
0,1
0,1
0,1
0,1
0,1
0,1
0,1
0,1
0,1
0,1
0,1
0,1
0,1
0,1
0,1
0,1
0,1
0,1
0,1
0,1
0,1
0,1
-0.1924758,1
-0.5604091,1
-0.7422966,1
-1,1
-1,1
-1,1
-1,1
-1,1
-1,1
-1,1
-1,1
-1,1
-1,1
-1,1
-1,1
-1,1
-1,1
-1,1
-1,1
-1,1
-1,1
-1,1
-1,1
-1,1
-1,1
-1,1
-1,1
-1,1
-1,1
-1,1
-1,1
-1,1
-1,1
-1,1
-1,1
-1,1
-1,1
-1,1
-1,1
-1,1
-1,1
-1,1
-1,1
-1,1
-1,1
-1,1
-1,1
-1,1
-1,1
-0.3031038,1
0,1
0,1
0,1
0,1
0,1
0,1
0,1
0,1
0,1
0,1
0,1
0,1
0,1
0,1
0,1
0,1
0,1
0,1
0,1
0,1
0,1
0,1
0,1
0,1
0,1
0,1
0,1
0,1
0,1
0,1
0,1
0,1
0,1
0,1
0,1
0,1
0,1
0,1
0,1
0,1
0,1
0,1
0,1
0,1
0,1
0,1
0,1
0,1
0,1
0,1
0,1
0,1
0,1
0,1
0,1
0,1
0,1
0,1
0,1
0,1
0,1
0,1
0,1
0,1
0,1
0,1
0,1
0,1
0,1
0,1
0,1
0,1
0,1
0,1
0,1
0,1
0,1
0,1
0,1
0,1
0,1
0,1
0,1
0,1
0,1
0,1
0,1
0,1
0,1
0,1
0,1
0,1
0,1
0,1
0,1
0,1
0,1
0,1
0,1
0,1
0,1
0,1
0,1
0,1
0,1
0,1
0,1
0,1
0,1
0,1
0,1
0,1
0,1
0,1
0,1
0,1
0,1
0,1
0,1
0,1
0,1
0,1
0,1
0,1
0,1
0,1
0,1
0,1
0,1
0,1
0,1
0,1
0,1
0,1
-0.01882821,1
-0.4074754,1
-0.5010895,1
-0.5939026,1
-0.68683,1
-0.7842207,1
-1,1
-1,1
-1,1
-1,1
-1,1
-1,1
-1,1
-1,1
-1,1
-1,1
-1,1
-1,1
-1,1
-1,1
-1,1
-1,1
-1,1
-1,1
-1,1
-1,1
-1,1
-1,1
-1,1
-1,1
-1,1
-1,1
-1,1
-1,1
-1,1
-1,1
-1,1
-1,1
-1,1
-1,1
-1,1
-1,1
-1,1
-1,1
-1,1
-1,1
-0.6861052,1
-0.6115267,1
-0.2000291,1
0,1
0,1
0,1
0,1
0,1
0,1
0,1
0,1
0,1
0,1
0,1
0,1
0,1
0,1
0,1
0,1
-0.3583414,1
-0.4125872,1
-0.5926437,1
-0.8783308,1
-1,1
-1,1
-1,1
-1,1
-1,1
-0.8012345,1
-0.4840376,1
-0.0129535,1
0,1
0,1
0,1
0,1
0,1
0,1
0,1
0,1
0,1
0,1
0,1
0,1
0,1
0,1
0,1
0,1
0,1
0,1
0,1
0,1
0,1
0,1
0,1
0,1
0,1
0,1
0,1
0,1
0,1
0,1
0,1
0,1
0,1
0,1
0,1
0,1
0,1
0,1
0,1
0,1
0,1
0,1
0,1
0,1
0,1
0,1
0,1
0,1
0,1
0,1
0,1
0,1
-0.3144336,1
-0.6015321,1
-0.6427696,1
-0.7192937,1
-0.9995637,1
-1,1
-1,1
-1,1
-1,1
-1,1
-1,1
-1,1
-1,1
-1,1
-1,1
-1,1
-1,1
-1,1
-1,1
-1,1
-1,1
-1,1
-1,1
-1,1
-1,1
-1,1
-1,1
-1,1
-1,1
-1,1
-1,1
-1,1
-1,1
-1,1
-1,1
-1,1
-1,1
-1,1
-1,1
-1,1
-1,1
-1,1
-1,1
-1,1
-1,1
-1,1
-1,1
-1,1
-1,1
-1,1
-0.6872878,1
-0.3700909,1
-0.01322053,1
0,1
0,1
0,1
0,1
0,1
0,1
0,1
0,1
-0.2326453,1
-0.296962,1
-0.6191563,1
-0.6568078,1
-0.7248631,1
-0.8060793,1
-0.9170887,1
-0.9450127,1
-0.9621791,1
-0.9400153,1
-0.5865401,1
-0.3087877,1
-0.02352037,1
0,1
0,1
0,1
0,1
0,1
0,1
0,1
0,1
0,1
0,1
0,1
0,1
0,1
0,1
0,1
0,1
0,1
0,1
0,1
0,1
0,1
0,1
0,1
0,1
0,1
0,1
0,1
0,1
0,1
0,1
0,1
0,1
0,1
0,1
0,1
0,1
0,1
0,1
0,1
0,1
0,1
0,1
0,1
0.2678554,1
0.3344229,1
0.7100238,1
0.7621333,1
0.8268316,1
0.877873,1
0.9121675,1
0.9343314,1
0.9353614,1
0.644944,1
0.09985358,1
0.04762962,1
0,1
0,1
0,1
0,1
0,1
0,1
0,1
0,1
0,1
0,1
0,1
0,1
0,1
0,1
0,1
0,1
0,1
0,1
0,1
0,1
0,1
0,1
0,1
0,1
0,1
0,1
0,1
0,1
0,1
0,1
0,1
0,1
0,1
0,1
0,1
0,1
0,1
0,1
0,1
0,1
0,1
0,1
0,1
0,1
0,1
0,1
0,1
0,1
0,1
0,1
0,1
0,1
0,1
0,1
0,1
0,1
0,1
0,1
0,1
0,1
0,1
0,1
0,1
0,1
0,1
0,1
0,1
0,1
0,1
0,1
-0.2232228,1
-0.2975342,1
-0.7068956,1
-0.9725552,1
-1,1
-1,1
-1,1
-1,1
-1,1
-1,1
-1,1
-1,1
-1,1
-1,1
-1,1
-1,1
-1,1
-1,1
-1,1
-1,1
-1,1
-1,1
-1,1
-1,1
-1,1
-1,1
-1,1
-1,1
-1,1
-1,1
-1,1
-1,1
-1,1
-1,1
-1,1
-1,1
-1,1
-1,1
-1,1
-1,1
-1,1
-1,1
-1,1
-1,1
-1,1
-1,1
-1,1
-1,1
-1,1
-1,1
-1,1
-1,1
-1,1
-1,1
-0.5914611,1
-0.2290975,1
-0.1962906,1
-0.09729773,1
-0.02645768,1
0,1
0,1
0,1
0,1
0,1
0,1
0,1
0,1
0,1
0,1
0,1
0,1
0,1
0,1
0,1
0,1
0,1
0,1
0,1
0,1
0,1
0,1
0,1
0,1
0,1
0,1
0,1
0,1
0,1
0,1
0,1
0,1
0,1
0,1
0,1
0,1
0,1
0,1
0,1
0,1
0,1
0,1
0,1
0,1
0,1
0,1
0,1
0,1
0,1
0,1
0,1
0,1
0,1
0,1
0,1
0,1
0,1
0,1
0,1
0,1
0,1
0,1
0,1
0,1
0,1
0,1
0,1
0,1
-0.01207605,1
-0.09275816,1
-0.3800093,1
-0.7091463,1
-0.9915527,1
-1,1
-1,1
-1,1
-1,1
-1,1
-1,1
-1,1
-1,1
-1,1
-1,1
-1,1
-1,1
-1,1
-1,1
-1,1
-1,1
-1,1
-1,1
-1,1
-1,1
-1,1
-1,1
-1,1
-1,1
-1,1
-1,1
-1,1
-1,1
-1,1
-1,1
-1,1
-1,1
-1,1
-1,1
-1,1
-1,1
-1,1
-1,1
-1,1
-1,1
-1,1
-1,1
-1,1
-1,1
-1,1
-1,1
-1,1
-0.9621791,1
-0.5869979,1
-0.1544428,1
0,1
0,1
0,1
0,1
0,1
0,1
0,1
0,1
0,1
0,1
0,1
0,1
0,1
0,1
0,1
0,1
0,1
0,1
0,1
0,1
0,1
0,1
0,1
0,1
0,1
0,1
0,1
-0.2843352,1
-0.7688473,1
-1,1
-1,1
-1,1
-1,1
-0.7599208,1
-0.3999604,1
0,1
0,1
0,1
0,1
0,1
0,1
0,1
0,1
0,1
0,1
0,1
0,1
0,1
0,1
0,1
0,1
0,1
0,1
0.2896377,1
0.3554422,1
0.4419227,1
0.5105883,1
0.5594934,1
0.6172107,1
0.632012,1
0.6371619,1
0.610306,1
0.2924988,1
0,1
0,1
0,1
0,1
0,1
0,1
0,1
0,1
0,1
0,1
0,1
0,1
-0.01215234,1
-0.3213383,1
-0.3824125,1
-0.4440971,1
-0.4902175,1
-0.5390463,1
-0.5223759,1
-0.1069109,1
0,1
0,1
0,1
0,1
0,1
0,1
0,1
0,1
0,1
0,1
0,1
0,1
0,1
0,1
0,1
0,1
0,1
0,1
0,1
0,1
0,1
0,1
0,1
0,1
0,1
0,1
0,1
0,1
0,1
0,1
0,1
0,1
0,1
0,1
0,1
0,1
0,1
0,1
0,1
0,1
0,1
0,1
0,1
0,1
0,1
0,1
0,1
0,1
0,1
0,1
0,1
0,1
0,1
0,1
0,1
0,1
0,1
0,1
0,1
0,1
0,1
0,1
0,1
0,1
0,1
0,1
-0.0466378,1
-0.3868376,1
-0.7404274,1
-1,1
-1,1
-1,1
-1,1
-1,1
-1,1
-1,1
-1,1
-1,1
-1,1
-1,1
-1,1
-1,1
-1,1
-1,1
-1,1
-1,1
-1,1
-1,1
-1,1
-1,1
-1,1
-1,1
-1,1
-1,1
-1,1
-1,1
-1,1
-1,1
-1,1
-1,1
-1,1
-1,1
-1,1
-1,1
-1,1
-1,1
-1,1
-1,1
-1,1
-0.9609965,1
-0.2474465,1
0,1
0,1
0,1
0,1
0,1
0,1
0,1
0,1
0,1
-0.2594248,1
-0.3543741,1
-0.6191563,1
-0.6706173,1
-0.7307379,1
-0.8132891,1
-0.8370551,1
-0.8507882,1
-0.8435402,1
-0.4784681,1
-0.1480339,1
0,1
0,1
0,1
0,1
0,1
0,1
0,1
0,1
0,1
0,1
0,1
0,1
0,1
0,1
0,1
0,1
0,1
0,1
0,1
0,1
0,1
0,1
0,1
0,1
0,1
0,1
0,1
0,1
0,1
0,1
0,1
0,1
0,1
0,1
0,1
0,1
0,1
0,1
0,1
-0.1844649,1
-0.532218,1
-0.9159443,1
-0.963209,1
-0.9891495,1
-1,1
-1,1
-1,1
-1,1
-1,1
-1,1
-1,1
-1,1
-1,1
-1,1
-1,1
-0.4340262,1
-0.3754315,1
-0.3359488,1
-0.3311041,1
-0.6191563,1
-0.9739286,1
-1,1
-1,1
-1,1
-1,1
-1,1
-1,1
-1,1
-1,1
-1,1
-1,1
-1,1
-1,1
-1,1
-1,1
-1,1
-1,1
-1,1
-1,1
-1,1
-1,1
-1,1
-1,1
-1,1
-1,1
-0.7554193,1
-0.4370399,1
-0.07871985,1
-0.04003823,1
0,1
0,1
0,1
0,1
0,1
0,1
0,1
0,1
0,1
0,1
0,1
0,1
0,1
0,1
0,1
0,1
0,1
0,1
0,1
0,1
0,1
0,1
0,1
0,1
0,1
0,1
0,1
0,1
0,1
0,1
0,1
0,1
0,1
0,1
0,1
0,1
0,1
0,1
0,1
-0.2843352,1
-0.6372763,1
-0.7207051,1
-1,1
-1,1
-1,1
-1,1
-1,1
-1,1
-1,1
-1,1
-0.7303182,1
-0.387982,1
-0.09634405,1
-0.05140625,1
0,1
0,1
0,1
0,1
0,1
0,1
0,1
0,1
0,1
0,1
0,1
0,1
0,1
0,1
0,1
0,1
0,1
0,1
0,1
0,1
0,1
0,1
0,1
0,1
0,1
0,1
0,1
0,1
0,1
0,1
0,1
0,1
0,1
0,1
0,1
0,1
0,1
0,1
0,1
0,1
0,1
0,1
0,1
0,1
0,1
0,1
0,1
0,1
0,1
0,1
0,1
0,1
0,1
0,1
0,1
0,1
0,1
0,1
0,1
0,1
0,1
0,1
0,1
0,1
0,1
0,1
0,1
0,1
0,1
0,1
0,1
0,1
0,1
0,1
0,1
0,1
0,1
0,1
0,1
0,1
0,1
0,1
0,1
0,1
0,1
0,1
0,1
0,1
0,1
0,1
0,1
0,1
0,1
0,1
0,1
0,1
-0.1591349,1
-0.5404196,1
-0.8623469,1
-1,1
-1,1
-1,1
-1,1
-1,1
-1,1
-1,1
-1,1
-1,1
-1,1
-1,1
-1,1
-1,1
-1,1
-1,1
-1,1
-1,1
-1,1
-1,1
-1,1
-1,1
-1,1
-1,1
-1,1
-1,1
-1,1
-1,1
-1,1
-1,1
-1,1
-1,1
-1,1
-1,1
-1,1
-1,1
-1,1
-1,1
-1,1
-1,1
-1,1
-1,1
-1,1
-1,1
-1,1
-0.7495446,1
-0.7031572,1
-0.3367499,1
0,1
0,1
0,1
0,1
0,1
0,1
0,1
0,1
0,1
0,1
0,1
0,1
0,1
0,1
0,1
0,1
0,1
0,1
0,1
0,1
0,1
0,1
0,1
0,1
0,1
0,1
-0.003264025,1
-0.3547937,1
-0.3916824,1
-0.4870513,1
-0.5316839,1
-0.5699459,1
-0.5142124,1
-0.07456176,1
0,1
0,1
0,1
0,1
0,1
0,1
0,1
0,1
0,1
0,1
0,1
0,1
0,1
0,1
0,1
0,1
0,1
0,1
0,1
0,1
0,1
0,1
0,1
0,1
0,1
0,1
0,1
-0.2843352,1
-0.3617747,1
-0.6814131,1
-0.701822,1
-0.7587382,1
-1,1
-1,1
-1,1
-1,1
-1,1
-1,1
-1,1
-1,1
-1,1
-1,1
-1,1
-1,1
-1,1
-1,1
-1,1
-1,1
-1,1
-1,1
-1,1
-1,1
-1,1
-1,1
-1,1
-1,1
-1,1
-1,1
-1,1
-1,1
-1,1
-1,1
-1,1
-1,1
-1,1
-1,1
-1,1
-1,1
-1,1
-1,1
-1,1
-1,1
-1,1
-1,1
-1,1
-1,1
-1,1
-1,1
-0.1820997,1
0,1
0,1
0,1
0,1
0,1
0,1
0,1
0,1
0,1
0,1
0,1
0,1
0,1
0,1
0,1
0,1
0,1
0,1
0,1
0,1
0,1
0,1
0,1
0,1
0,1
0,1
0,1
0,1
0,1
0,1
0,1
-0.08840933,1
-0.3692135,1
-0.4133502,1
-0.4785444,1
-0.6267858,1
-0.6722958,1
-0.7013643,1
-0.705713,1
-0.6349493,1
0,1
0,1
0,1
0,1
0,1
0,1
0,1
0,1
0,1
0,1
0,1
0,1
0,1
0,1
0,1
0,1
0,1
0,1
0,1
0,1
0,1
0,1
0,1
0,1
0,1
0,1
0,1
0,1
0,1
0,1
0,1
0,1
0,1
0,1
0,1
0,1
0,1
0,1
0,1
0,1
0,1
0,1
0,1
0,1
0,1
0,1
0,1
0,1
0,1
0,1
0,1
0,1
0,1
0,1
0,1
0,1
0,1
0,1
0,1
0,1
0,1
0,1
0,1
0,1
0,1
0,1
0,1
0,1
0,1
0,1
0,1
0,1
0,1
0,1
0,1
0,1
0,1
0,1
0,1
0,1
0,1
0,1
0,1
0,1
0,1
0,1
0,1
0,1
0,1
0,1
0,1
0,1
0,1
0,1
0,1
0,1
0,1
-0.2725857,1
-0.7401603,1
-1,1
-1,1
-1,1
-1,1
-1,1
-1,1
-1,1
-1,1
-1,1
-1,1
-0.970419,1
-0.227915,1
-0.1559687,1
0,1
0,1
0,1
0,1
0,1
0,1
0,1
0,1
-0.6179736,1
-0.9386802,1
-1,1
-1,1
-1,1
-1,1
-1,1
-1,1
-1,1
-1,1
-1,1
-1,1
-1,1
-1,1
-1,1
-1,1
-1,1
-1,1
-1,1
-1,1
-1,1
-1,1
-1,1
-1,1
-1,1
-1,1
-1,1
-1,1
-1,1
-0.7223073,1
-0.6345679,1
-0.2467217,1
0,1
0,1
0,1
0,1
0,1
0,1
0,1
0,1
0,1
0,1
0,1
0,1
0,1
0,1
0,1
0,1
0,1
0,1
0,1
0,1
0,1
0,1
0,1
0,1
0,1
-0.5654064,1
-0.8599818,1
-0.9219716,1
-1,1
-1,1
-1,1
-1,1
-1,1
-1,1
-0.7636592,1
-0.4128925,1
-0.01035944,1
0,1
0,1
0,1
0,1
0,1
0,1
0,1
0,1
0,1
0,1
0,1
0,1
0,1
0,1
0,1
0,1
0,1
0,1
0,1
0,1
0,1
-0.2831526,1
-0.3381613,1
-0.6041643,1
-0.6494073,1
-0.7253972,1
-1,1
-1,1
-1,1
-1,1
-1,1
-1,1
-1,1
-1,1
-1,1
-1,1
-1,1
-1,1
-1,1
-1,1
-1,1
-1,1
-1,1
-1,1
-1,1
-1,1
-1,1
-1,1
-1,1
-1,1
-1,1
-1,1
-1,1
-1,1
-1,1
-1,1
-1,1
-1,1
-1,1
-1,1
-1,1
-1,1
-1,1
-1,1
-1,1
-1,1
-0.6861052,1
-0.6236959,1
-0.3271367,1
-0.2575938,1
0,1
0,1
0,1
0,1
0,1
0,1
0,1
0,1
0,1
0,1
0,1
0,1
0,1
0,1
0,1
0,1
0,1
0,1
0,1
0,1
0,1
0,1
0,1
0,1
0,1
0,1
-0.01566194,1
-0.08211501,1
-0.1547098,1
-0.2173481,1
-0.2679317,1
-0.3277852,1
-0.3626521,1
-0.3759656,1
-0.383824,1
-0.3230931,1
-0.04144967,1
-0.04144967,1
0,1
0,1
0,1
0,1
0,1
0,1
0,1
0,1
0,1
0,1
0,1
0,1
0,1
0,1
0,1
0,1
0,1
0,1
0,1
0,1
0,1
0,1
0,1
0,1
0,1
0,1
0,1
0,1
0,1
0,1
0,1
0,1
0,1
0,1
0,1
0,1
0,1
0,1
0,1
0,1
0,1
0,1
0,1
0,1
0,1
0,1
0,1
0,1
0,1
0,1
0,1
0,1
0,1
0,1
0,1
0,1
0,1
0,1
0,1
0,1
0,1
0,1
0,1
0,1
0,1
0,1
0,1
0,1
0,1
0,1
0,1
0,1
0,1
0,1
0,1
0,1
0,1
0,1
0,1
0,1
-0.09401701,1
-0.3696331,1
-0.4237645,1
-0.5052477,1
-0.578262,1
-0.6764157,1
-0.7016695,1
-0.7146014,1
-0.6864104,1
-0.3736005,1
-0.05029991,1
0,1
0,1
0,1
0,1
0,1
0,1
0,1
0,1
0,1
0,1
0,1
0,1
0,1
0,1
0,1
0,1
0,1
0,1
0,1
0,1
0,1
0,1
-0.07196777,1
-0.1635218,1
-0.431928,1
-0.5435097,1
-0.6151889,1
-0.6964813,1
-0.7559534,1
-0.8027223,1
-0.9093065,1
-0.9527185,1
-1,1
-1,1
-1,1
-1,1
-1,1
-1,1
-1,1
-1,1
-1,1
-1,1
-1,1
-1,1
-1,1
-1,1
-1,1
-1,1
-1,1
-1,1
-1,1
-1,1
-1,1
-1,1
-1,1
-1,1
-1,1
-1,1
-1,1
-1,1
-1,1
-1,1
-1,1
-1,1
-1,1
-1,1
-1,1
-1,1
-1,1
-1,1
-1,1
-1,1
-0.9962448,1
-0.5700985,1
-0.2290975,1
-0.2101763,1
-0.1570749,1
-0.09401701,1
0,1
0,1
0,1
0,1
0,1
0,1
0,1
0,1
0,1
0,1
0,1
0,1
0,1
0,1
0,1
0,1
0,1
0,1
0,1
0,1
0,1
0,1
0,1
0,1
0,1
0,1
0,1
0,1
0,1
0,1
0,1
0,1
0,1
0,1
0,1
0,1
0,1
0,1
0,1
0,1
0,1
0,1
0,1
0,1
0,1
0,1
0,1
0,1
0,1
0,1
0,1
0,1
0,1
0,1
0,1
0,1
0,1
0,1
0,1
0,1
0,1
0,1
0,1
0,1
0,1
0,1
0,1
0,1
0,1
-0.1891571,1
-0.2230321,1
-0.5411827,1
-1,1
-1,1
-1,1
-1,1
-1,1
-1,1
-1,1
-1,1
-1,1
-1,1
-1,1
-1,1
-1,1
-1,1
-1,1
-1,1
-1,1
-1,1
-1,1
-1,1
-1,1
-1,1
-1,1
-1,1
-1,1
-1,1
-1,1
-1,1
-1,1
-1,1
-1,1
-1,1
-1,1
-1,1
-1,1
-1,1
-1,1
-1,1
-1,1
-1,1
-1,1
-1,1
-1,1
-1,1
-1,1
-1,1
-1,1
-1,1
-1,1
-0.7366126,1
-0.316341,1
-0.2401222,1
0,1
0,1
0,1
0,1
0,1
0,1
0,1
0,1
0,1
0,1
0,1
0,1
0,1
0,1
0,1
0,1
0,1
0,1
0,1
0,1
0,1
0,1
0,1
0,1
0,1
0,1
0,1
0,1
0,1
-0.6884704,1
-0.7340567,1
-0.8230549,1
-0.9160206,1
-1,1
-1,1
-1,1
-1,1
-0.6817183,1
-0.2418007,1
0,1
0,1
0,1
0,1
0,1
0,1
0.2854414,1
0.5737225,1
0.6566934,1
0.9280751,1
1,1
1,1
1,1
1,1
1,1
1,1
0.01291528,1
0,1
0,1
0,1
0,1
0,1
0,1
0,1
0,1
0,1
0,1
0,1
0,1
0,1
0,1
0,1
0,1
0,1
0,1
0,1
0,1
0,1
0,1
0,1
0,1
0,1
0,1
0,1
0,1
0,1
0,1
0,1
0,1
0,1
0,1
0,1
0,1
0,1
0,1
0,1
0,1
0,1
0,1
0,1
0,1
0,1
0,1
0,1
0,1
0,1
0,1
0,1
0,1
0,1
0,1
0,1
0,1
0,1
0,1
0,1
0,1
0,1
0,1
0,1
0,1
0,1
0,1
0,1
0,1
0,1
0,1
-0.06792411,1
-0.1615001,1
-0.4568003,1
-0.5253896,1
-0.6514673,1
-0.9786206,1
-1,1
-1,1
-1,1
-1,1
-1,1
-1,1
-1,1
-1,1
-1,1
-1,1
-1,1
-1,1
-1,1
-1,1
-1,1
-1,1
-1,1
-1,1
-1,1
-1,1
-1,1
-1,1
-1,1
-1,1
-0.743441,1
-0.3947724,1
-0.04232712,1
0,1
0,1
0,1
0,1
0,1
0,1
0,1
0,1
0,1
0,1
0,1
0,1
0,1
0,1
0,1
0,1
-0.6802306,1
-0.9645442,1
-1,1
-1,1
-1,1
-1,1
-1,1
-1,1
-1,1
-1,1
-1,1
-1,1
-1,1
-1,1
-1,1
-1,1
-1,1
-1,1
-1,1
-1,1
-1,1
-1,1
-1,1
-1,1
-0.7366126,1
-0.03526978,1
-0.01409791,1
0,1
0,1
0,1
0,1
0,1
0,1
0,1
0,1
0,1
0,1
0,1
0,1
0,1
0,1
0,1
0,1
0,1
0,1
0,1
0,1
0,1
0,1
0,1
0,1
0,1
0,1
0,1
0,1
0,1
0,1
0,1
0,1
0,1
0,1
0,1
0,1
0,1
0,1
0,1
0,1
0,1
0,1
0,1
0,1
0,1
0,1
0,1
0,1
0,1
0,1
0,1
-0.07433288,1
-0.145974,1
-0.2320349,1
-0.3180194,1
-0.6156085,1
-0.7063615,1
-1,1
-1,1
-1,1
-1,1
-1,1
-1,1
-1,1
-1,1
-1,1
-1,1
-1,1
-1,1
-1,1
-1,1
-1,1
-1,1
-1,1
-1,1
-1,1
-1,1
-1,1
-1,1
-1,1
-1,1
-1,1
-1,1
-1,1
-1,1
-1,1
-1,1
-1,1
-1,1
-1,1
-1,1
-1,1
-1,1
-1,1
-1,1
-1,1
-1,1
-1,1
-1,1
-1,1
-1,1
-1,1
-0.6529931,1
-0.2737683,1
-0.2147922,1
-0.121407,1
0,1
0,1
0,1
0,1
0,1
0,1
0,1
0,1
0,1
0,1
0,1
0,1
0,1
0,1
0,1
0,1
0,1
0,1
0,1
0,1
0,1
0,1
0,1
0,1
0,1
-0.06903037,1
-0.2234517,1
-0.2728528,1
-0.2904769,1
-0.3248479,1
-0.337551,1
-0.3454857,1
-0.3368262,1
-0.2825804,1
-0.1982743,1
-0.119614,1
-0.04225083,1
0,1
0,1
0,1
0,1
0,1
0,1
0,1
0,1
0,1
0,1
0,1
0,1
0,1
0,1
0,1
0,1
0,1
0,1
0,1
0,1
0,1
0,1
0,1
0,1
0,1
0,1
0,1
0,1
0,1
0,1
0,1
0,1
0,1
0,1
0,1
0,1
0,1
0,1
0,1
0,1
0,1
0,1
0,1
0,1
0,1
0,1
0,1
0,1
0,1
0,1
0,1
0,1
0,1
0,1
0,1
0,1
0,1
0,1
0,1
0,1
0,1
0,1
0,1
0,1
0,1
0,1
0,1
0,1
0,1
0,1
0,1
0,1
0,1
0,1
0,1
0,1
0,1
0,1
0,1
0,1
0,1
0,1
0,1
0,1
0,1
0,1
0,1
0,1
0,1
0,1
0,1
0,1
0,1
0,1
0,1
0,1
0,1
0,1
-0.6449822,1
-0.9807569,1
-1,1
-1,1
-1,1
-1,1
-1,1
-1,1
-1,1
-1,1
-1,1
-1,1
-1,1
-1,1
-1,1
-1,1
-1,1
-1,1
-1,1
-1,1
-1,1
-1,1
-1,1
-1,1
-1,1
-1,1
-1,1
-1,1
-1,1
-1,1
-1,1
-1,1
-1,1
-1,1
-1,1
-1,1
-1,1
-1,1
-1,1
-1,1
-1,1
-1,1
-1,1
-1,1
-1,1
-1,1
-1,1
-1,1
-1,1
-1,1
-1,1
-0.1809553,1
0,1
0,1
0,1
0,1
0,1
0,1
0,1
0,1
0,1
0,1
0,1
0,1
0,1
0,1
0,1
0,1
0,1
0,1
0,1
0,1
0,1
0,1
0,1
0,1
0,1
0,1
0,1
0,1
0,1
0,1
0,1
0,1
0,1
0,1
0,1
0,1
0,1
0,1
0,1
0,1
0,1
0,1
0,1
0,1
0,1
0,1
0,1
0,1
0,1
-0.2655284,1
-0.3157688,1
-0.6156085,1
-0.7338278,1
-1,1
-1,1
-1,1
-1,1
-1,1
-1,1
-1,1
-1,1
-1,1
-0.9902557,1
-0.361851,1
-0.05522095,1
-0.01119867,1
0,1
0,1
0,1
0,1
0,1
0,1
0,1
0,1
0,1
0,1
0,1
0,1
0,1
0,1
0,1
0,1
0,1
0,1
0,1
0,1
0,1
0,1
-0.003340319,1
-0.08745566,1
-0.4662608,1
-0.5590738,1
-0.862614,1
-1,1
-1,1
-1,1
-1,1
-1,1
-1,1
-1,1
-1,1
-1,1
-1,1
-1,1
-1,1
-1,1
-1,1
-1,1
-1,1
-1,1
-1,1
-1,1
-1,1
-1,1
-1,1
-1,1
-1,1
-1,1
-1,1
-1,1
-1,1
-1,1
-1,1
-1,1
-1,1
-1,1
-0.9755689,1
-0.6584101,1
-0.3360251,1
-0.2951309,1
-0.1537179,1
-0.09901434,1
-0.05846351,1
-0.02939507,1
-0.0101687,1
0,1
0,1
0,1
0,1
0,1
0,1
0,1
0,1
0,1
0,1
0,1
0,1
0,1
0,1
0,1
0,1
0,1
0,1
-0.364941,1
-0.6309057,1
-0.6925521,1
-0.7708309,1
-0.9232686,1
-0.9685115,1
-0.99758,1
-1,1
-0.5919189,1
-0.2143344,1
-0.1444481,1
-0.06925926,1
-0.007956177,1
0,1
0,1
0,1
0,1
0,1
0,1
0,1
0,1
0,1
0,1
0,1
0,1
0,1
0,1
0,1
0,1
0,1
0,1
0,1
0,1
0,1
0,1
0,1
0,1
0,1
0,1
0,1
0,1
0,1
0,1
0,1
0,1
0,1
0,1
0,1
0,1
0,1
0,1
0,1
0,1
0,1
0,1
0,1
0,1
0,1
0,1
0,1
0,1
0.00540033,1
0.06502494,1
0.1719525,1
0.2319968,1
0.3386192,1
0.374516,1
0.3988923,1
0.413312,1
0.4014863,1
0.06834373,1
0.0271444,1
0,1
0,1
0,1
0,1
0,1
0,1
0,1
0,1
0,1
0,1
0,1
0,1
0,1
0,1
0,1
0,1
0,1
0,1
0,1
0,1
0,1
0,1
0,1
0,1
-0.006620958,1
-0.07570624,1
-0.1672222,1
-0.4711056,1
-0.617821,1
-0.7018983,1
-0.7955887,1
-0.8925217,1
-1,1
-1,1
-1,1
-1,1
-1,1
-1,1
-1,1
-1,1
-1,1
-1,1
-1,1
-1,1
-1,1
-1,1
-1,1
-1,1
-1,1
-1,1
-1,1
-1,1
-0.810657,1
-0.4828551,1
-0.1785902,1
0,1
0,1
0,1
0,1
0,1
0,1
0,1
0,1
0,1
0,1
-0.534545,1
-0.8174855,1
-1,1
-1,1
-1,1
-1,1
-1,1
-1,1
-1,1
-1,1
-1,1
-1,1
-1,1
-1,1
-1,1
-1,1
-1,1
-1,1
-1,1
-1,1
-0.7483621,1
-0.686563,1
-0.2890273,1
-0.2251302,1
0,1
0,1
0,1
0,1
0,1
0,1
0,1
0,1
0,1
0,1
0,1
0,1
0,1
0,1
0,1
0,1
0,1
0,1
0,1
0,1
0,1
0,1
0,1
0,1
0,1
0,1
0,1
0,1
0,1
0,1
0,1
0,1
0,1
-0.334194,1
-0.4248708,1
-0.7089556,1
-0.780406,1
-1,1
-1,1
-1,1
-1,1
-1,1
-1,1
-1,1
-1,1
-1,1
-1,1
-1,1
-0.6907974,1
-0.6305242,1
-0.3113437,1
-0.2698772,1
0,1
0,1
0,1
0,1
0,1
0,1
0,1
0,1
0,1
0,1
0,1
0,1
-0.3407173,1
-0.4197209,1
-0.7099093,1
-0.7828093,1
-1,1
-1,1
-1,1
-1,1
-1,1
-1,1
-1,1
-1,1
-1,1
-1,1
-1,1
-1,1
-1,1
-1,1
-1,1
-1,1
-1,1
-1,1
-1,1
-1,1
-1,1
-1,1
-1,1
-1,1
-0.6919799,1
-0.6165622,1
-0.3057741,1
-0.2636974,1
-0.2074297,1
-0.1856475,1
-0.1746228,1
-0.1518487,1
-0.121407,1
-0.02176553,1
0,1
0,1
0,1
0,1
0,1
0,1
0,1
0,1
0,1
0,1
0,1
0,1
0,1
0,1
0,1
0,1
0,1
0,1
0,1
0,1
0,1
0,1
0,1
0,1
0,1
0,1
0,1
0,1
0,1
0,1
0,1
0,1
0,1
0,1
0,1
0,1
0,1
0,1
0,1
0,1
-0.007078722,1
-0.01917154,1
-0.02401628,1
-0.02886102,1
-0.03275208,1
-0.03584199,1
-0.03584199,1
-0.03851235,1
-0.02146035,1
0,1
0,1
0,1
0,1
0,1
0,1
0,1
0,1
0,1
0,1
0,1
0,1
0,1
0,1
0,1
0,1
-0.1515817,1
-0.4323477,1
-0.4873565,1
-0.6156848,1
-0.6544809,1
-0.6794294,1
-0.6940399,1
-0.3524667,1
0,1
0,1
0,1
0,1
0,1
0,1
0,1
0,1
0,1
0,1
0,1
0,1
0,1
0,1
0,1
0,1
0,1
0,1
0,1
0,1
0,1
0,1
0,1
0,1
0,1
0,1
0,1
0,1
0,1
0,1
0,1
0,1
0,1
0,1
0,1
0,1
0,1
0,1
0,1
0,1
0,1
0,1
0,1
0,1
0,1
0,1
0,1
0,1
-0.6167911,1
-0.99861,1
-1,1
-1,1
-1,1
-1,1
-1,1
-1,1
-1,1
-0.6167911,1
-0.2349722,1
-0.1619197,1
0,1
0,1
0,1
0,1
0,1
0,1
0,1
0,1
0,1
0,1
0,1
0,1
0,1
0,1
0,1
0,1
0,1
0,1
-0.1797727,1
-0.5615916,1
-0.8731809,1
-0.9323859,1
-1,1
-1,1
-1,1
-1,1
-1,1
-1,1
-1,1
-1,1
-1,1
-1,1
-1,1
-1,1
-1,1
-1,1
-1,1
-1,1
-1,1
-1,1
-1,1
-1,1
-1,1
-1,1
-1,1
-1,1
-1,1
-1,1
-1,1
-1,1
-1,1
-1,1
-1,1
-1,1
-1,1
-1,1
-0.7406563,1
0,1
0,1
0,1
0,1
0,1
0,1
0,1
0,1
0,1
0,1
0,1
0,1
0,1
0,1
0,1
0,1
0,1
0,1
0,1
0,1
0,1
0,1
0,1
0,1
0,1
0,1
0,1
0,1
0,1
0,1
0,1
0,1
0,1
0,1
0,1
0,1
0,1
0,1
0,1
0,1
0,1
0,1
0,1
0,1
0,1
0,1
0,1
0,1
0,1
0,1
0,1
0,1
0,1
0,1
0,1
0,1
-0.5744855,1
-0.8717312,1
-0.9354758,1
-1,1
-1,1
-1,1
-1,1
-1,1
-1,1
-1,1
-1,1
-1,1
-1,1
-1,1
-1,1
-0.6884704,1
-0.3017305,1
0,1
0,1
0,1
0,1
0,1
-0.3139758,1
-0.6377341,1
-0.9892257,1
-1,1
-1,1
-1,1
-1,1
-1,1
-1,1
-1,1
-1,1
-1,1
-1,1
-1,1
-1,1
-1,1
-1,1
-1,1
-1,1
-1,1
-1,1
-1,1
-1,1
-1,1
-1,1
-1,1
-1,1
-1,1
-0.758929,1
-0.3853499,1
-0.05640358,1
-0.01234315,1
0,1
0,1
0,1
0,1
0,1
0,1
0,1
0,1
0,1
0,1
-0.2542749,1
-0.6156085,1
-0.6956421,1
-0.7667491,1
-0.8438454,1
-0.897519,1
-0.9316611,1
-0.8908049,1
-0.5037981,1
-0.1567698,1
-0.06170608,1
0,1
0,1
0,1
0,1
0,1
0,1
0,1
0,1
0,1
0,1
0,1
0,1
0,1
0,1
0,1
0,1
0,1
0,1
0,1
0,1
0,1
0,1
0,1
0,1
0,1
0,1
0,1
0,1
0,1
0,1
0,1
0,1
0,1
0,1
0,1
0,1
0,1
0,1
0,1
0,1
-0.2512231,1
-0.5695644,1
-0.6537179,1
-0.7420677,1
-0.8740201,1
-0.9070559,1
-0.9276937,1
-0.8634914,1
-0.452337,1
-0.05415283,1
0,1
0,1
0,1
0,1
0,1
0,1
0,1
0,1
0,1
0,1
0,1
0,1
0,1
0,1
0,1
0,1
0,1
0,1
0,1
0,1
0,1
0,1
0,1
0,1
0,1
0,1
0,1
0,1
0,1
0,1
0,1
0,1
0,1
0,1
0,1
0,1
0,1
0,1
0,1
0,1
0,1
0,1
0,1
0,1
0,1
0,1
0,1
0,1
0,1
0,1
0,1
0,1
0,1
0,1
0,1
0,1
0,1
0,1
0,1
0,1
0,1
0,1
0,1
-0.1727154,1
-0.2265416,1
-0.5397711,1
-1,1
-1,1
-1,1
-1,1
-1,1
-1,1
-1,1
-1,1
-1,1
-1,1
-1,1
-1,1
-1,1
-1,1
-0.9751111,1
-0.6372763,1
0,1
0,1
0,1
0,1
0,1
0,1
0,1
0,1
0,1
-0.1959854,1
-0.8364829,1
-0.9078569,1
-1,1
-1,1
-1,1
-1,1
-1,1
-1,1
-1,1
-1,1
-1,1
-1,1
-1,1
-1,1
-1,1
-1,1
-1,1
-1,1
-1,1
-1,1
-1,1
-1,1
-1,1
-1,1
-1,1
-1,1
-1,1
-1,1
-0.99861,1
-0.6837782,1
-0.3324774,1
-0.2664059,1
-0.171838,1
0,1
0,1
0,1
0,1
0,1
0,1
0,1
0,1
0,1
0,1
0,1
0,1
0,1
0,1
0,1
0,1
0,1
0,1
0,1
0,1
0,1
0,1
0,1
0,1
0,1
0,1
0,1
0,1
0,1
0,1
0,1
0,1
0,1
0,1
0,1
0,1
0,1
0,1
0,1
0,1
0,1
0,1
0,1
0,1
0,1
0,1
0,1
0,1
0,1
0,1
0,1
0,1
0,1
0,1
0,1
0,1
0,1
0,1
0,1
-0.001051426,1
-0.0652156,1
-0.1539087,1
-0.4913238,1
-0.5656353,1
-0.6521921,1
-0.9657268,1
-1,1
-1,1
-1,1
-1,1
-1,1
-1,1
-1,1
-1,1
-1,1
-1,1
-1,1
-1,1
-1,1
-1,1
-1,1
-1,1
-1,1
-1,1
-1,1
-1,1
-1,1
-1,1
-1,1
-1,1
-1,1
-1,1
-1,1
-1,1
-1,1
-1,1
-1,1
-1,1
-1,1
-1,1
-1,1
-1,1
-1,1
-1,1
-1,1
-1,1
-1,1
-1,1
-1,1
-1,1
-1,1
-1,1
-1,1
-1,1
-1,1
-1,1
-1,1
-1,1
-1,1
-1,1
-0.7154788,1
-0.3078341,1
-0.199228,1
-0.1549387,1
0,1
0,1
0,1
0,1
0,1
0,1
0,1
0,1
0,1
0,1
0,1
0,1
0,1
0,1
0,1
0,1
0,1
0.2598445,1
0.5920715,1
0.632012,1
0.7487817,1
1,1
1,1
1,1
1,1
1,1
0.9821303,1
0.6954513,1
0,1
0,1
0,1
0,1
0,1
0,1
0,1
0,1
0,1
0,1
0,1
0,1
0,1
0,1
0,1
0,1
0,1
0,1
0,1
0,1
0,1
0,1
0,1
0,1
0,1
0,1
0,1
0,1
0,1
0,1
0,1
0,1
0,1
0,1
0,1
0,1
0,1
0,1
0,1
0,1
0,1
0,1
0,1
0,1
0,1
0,1
0,1
0,1
0,1
0,1
0,1
0,1
0,1
0,1
0,1
0,1
0,1
0,1
0,1
0,1
0,1
0,1
0,1
-0.004065111,1
-0.3069567,1
-0.5944748,1
-0.6187747,1
-0.689424,1
-0.7068956,1
-0.718111,1
-0.7105578,1
-0.648301,1
-0.2205143,1
0,1
0,1
0,1
0,1
0,1
0,1
0,1
0,1
0,1
0,1
0,1
0,1
0,1
0,1
0,1
0,1
0,1
0,1
0,1
0,1
0,1
0,1
0,1
0,1
-0.429334,1
-0.7730435,1
-1,1
-1,1
-1,1
-1,1
-1,1
-1,1
-1,1
-1,1
-1,1
-1,1
-1,1
-1,1
-1,1
-1,1
-1,1
-1,1
-1,1
-1,1
-1,1
-0.9744626,1
-0.5380927,1
-0.4592417,1
-0.1830534,1
-0.1351401,1
-0.1262517,1
-0.1262517,1
-0.1262517,1
-0.1374671,1
-0.1624537,1
-0.5051714,1
-0.5820768,1
-0.8517419,1
-1,1
-1,1
-1,1
-1,1
-1,1
-1,1
-1,1
-1,1
-1,1
-1,1
-1,1
-1,1
-1,1
-1,1
-1,1
-1,1
-1,1
-1,1
-1,1
-1,1
-1,1
-1,1
-1,1
-1,1
-1,1
-1,1
-0.7530923,1
-0.3589137,1
0,1
0,1
0,1
0,1
0,1
0,1
0,1
0,1
0,1
0,1
0,1
0,1
0,1
0,1
0,1
0,1
0,1
0,1
0,1
0,1
0,1
0,1
0,1
0,1
0,1
0,1
0,1
0,1
0,1
0,1
0,1
0,1
0,1
0,1
0,1
0,1
0,1
0,1
0,1
0,1
0,1
0,1
0,1
0,1
0,1
0,1
0,1
0,1
0,1
0,1
0,1
0,1
0,1
0,1
0,1
0,1
0,1
0,1
0,1
0,1
0,1
0,1
0,1
0,1
0,1
-0.2831526,1
-0.3558237,1
-1,1
-1,1
-1,1
-1,1
-1,1
-1,1
-1,1
-1,1
-1,1
-1,1
-0.7218495,1
-0.4025544,1
-0.04347153,1
-0.004293993,1
0,1
0,1
0,1
-0.2946731,1
-0.764384,1
-1,1
-1,1
-1,1
-1,1
-1,1
-1,1
-1,1
-1,1
-1,1
-1,1
-1,1
-1,1
-1,1
-1,1
-1,1
-1,1
-1,1
-1,1
-1,1
-1,1
-1,1
-1,1
-1,1
-1,1
-1,1
-1,1
-1,1
-1,1
-1,1
-1,1
-1,1
-1,1
-1,1
-1,1
-1,1
-1,1
-1,1
-1,1
-0.7131137,1
-0.02821252,1
0,1
0,1
0,1
0,1
0,1
0,1
0,1
0,1
0,1
0,1
0,1
0,1
0,1
0,1
0,1
0,1
0,1
0,1
-0.04019082,1
-0.2122363,1
-0.2783841,1
-0.3301504,1
-0.363911,1
-0.3856551,1
-0.3994645,1
-0.3145862,1
-2.145767E-05,1
0,1
0,1
0,1
0,1
0,1
0,1
0,1
0,1
0,1
0,1
0,1
0,1
0,1
0,1
0,1
0,1
0,1
0,1
0,1
0,1
0,1
0,1
0,1
0,1
0,1
0,1
0,1
0,1
0,1
0,1
0,1
0,1
0,1
0,1
0,1
0,1
0,1
0,1
0,1
0,1
0,1
0,1
0,1
0,1
0,1
0,1
0,1
0,1
0,1
0,1
0,1
0,1
0,1
0,1
0,1
0,1
0,1
0,1
0,1
0,1
0,1
0,1
0,1
0,1
0,1
0,1
0,1
0,1
0,1
0,1
0,1
0,1
0,1
0,1
0,1
0,1
0,1
0,1
0,1
0,1
0,1
0,1
0,1
0,1
0,1
0,1
0,1
0,1
0,1
0,1
0,1
0,1
0,1
0,1
0,1
0,1
0,1
0,1
0,1
0,1
0,1
0,1
-0.1891571,1
-0.5145938,1
-0.8447227,1
-1,1
-1,1
-1,1
-1,1
-1,1
-1,1
-1,1
-1,1
-1,1
-1,1
-1,1
-1,1
-1,1
-1,1
-1,1
-1,1
-1,1
-1,1
-1,1
-1,1
-1,1
-1,1
-1,1
-1,1
-1,1
-1,1
-1,1
-1,1
-1,1
-1,1
-1,1
-1,1
-1,1
-1,1
-1,1
-1,1
-1,1
-1,1
-1,1
-0.9735089,1
-0.5726544,1
0,1
0,1
0,1
0,1
0,1
0,1
0,1
0,1
0,1
0,1
0,1
0,1
0,1
0,1
0,1
0,1
0,1
0,1
0,1
0,1
0,1
0,1
-0.2136096,1
-0.5108553,1
-0.5885237,1
-0.9102602,1
-1,1
-1,1
-1,1
-1,1
-1,1
-0.7119693,1
-0.4405876,1
-0.1139682,1
-0.01447938,1
0,1
0,1
0,1
0,1
0,1
0,1
0,1
0,1
0,1
0,1
0,1
0,1
0,1
0,1
0,1
0,1
0,1
0,1
0,1
0,1
0,1
0,1
-0.05171143,1
-0.09870917,1
-0.4373451,1
-0.5206974,1
-0.8372077,1
-1,1
-1,1
-1,1
-1,1
-1,1
-1,1
-1,1
-1,1
-1,1
-1,1
-1,1
-1,1
-1,1
-1,1
-1,1
-1,1
-1,1
-1,1
-1,1
-1,1
-1,1
-1,1
-1,1
-1,1
-1,1
-1,1
-1,1
-1,1
-1,1
-1,1
-1,1
-1,1
-1,1
-0.9765989,1
-0.6682522,1
-0.3736005,1
-0.3371314,1
-0.2856322,1
-0.1652385,1
-0.1219792,1
-0.07845283,1
-0.04400559,1
-0.01978189,1
0,1
0,1
0,1
0,1
0,1
0,1
0,1
0,1
0,1
0,1
0,1
0,1
0,1
0,1
0,1
0,1
0,1
0,1
0,1
-0.01440309,1
-0.07021293,1
-0.113396,1
-0.1644756,1
-0.2448143,1
-0.3257253,1
-0.3874098,1
-0.4679012,1
-0.4756071,1
-0.4549692,1
-0.160966,1
-0.05640358,1
-0.001471043,1
0,1
0,1
0,1
0,1
0,1
0,1
0,1
0,1
0,1
0,1
0,1
-0.2220402,1
-0.5016617,1
-0.5597605,1
-0.9289144,1
-1,1
-1,1
-1,1
-1,1
-1,1
-1,1
-1,1
-0.7545419,1
-0.4584788,1
-0.3639873,1
0,1
0,1
0,1
0,1
0,1
0,1
0,1
0,1
0,1
0,1
0,1
0,1
0,1
0,1
0,1
0,1
0,1
0,1
0,1
0,1
0,1
0,1
0,1
0,1
0,1
0,1
0,1
0,1
0,1
0,1
0,1
0,1
0,1
0,1
0,1
0,1
0,1
0,1
0,1
0,1
0,1
0,1
0,1
0,1
0,1
0,1
0,1
0,1
0,1
0,1
0,1
0,1
0,1
0,1
0,1
0,1
0,1
0,1
0,1
0,1
0,1
0,1
0,1
0,1
0,1
0,1
0,1
0,1
0,1
0,1
0,1
0,1
0,1
0,1
0,1
0,1
0,1
0,1
0,1
0,1
0,1
0,1
0,1
0,1
0,1
-0.2854796,1
-0.6309057,1
-0.9692363,1
-0.9692363,1
-1,1
-1,1
-1,1
-1,1
-1,1
-1,1
-1,1
-1,1
-1,1
-1,1
-1,1
-0.9736615,1
-0.6276631,1
-0.3137088,1
-0.2390922,1
-0.1180118,1
-0.06697044,1
-0.03378205,1
-0.005018786,1
0,1
-0.4229634,1
-0.7107867,1
-0.7851744,1
-1,1
-1,1
-1,1
-1,1
-1,1
-1,1
-1,1
-1,1
-1,1
-1,1
-1,1
-1,1
-1,1
-1,1
-1,1
-1,1
-1,1
-1,1
-1,1
-1,1
-1,1
-1,1
-1,1
-1,1
-1,1
-1,1
-1,1
-1,1
-1,1
-1,1
-1,1
-1,1
-0.9848006,1
-0.6167911,1
0,1
0,1
0,1
0,1
0,1
0,1
0,1
0,1
0,1
0,1
0,1
0,1
0,1
0,1
0,1
0,1
0,1
0,1
0,1
0,1
0,1
0,1
0,1
0,1
0,1
0,1
0,1
0,1
0,1
0,1
0,1
0,1
0,1
0,1
0,1
0,1
0,1
0,1
0,1
0,1
0,1
0,1
0,1
0,1
0,1
0,1
0,1
0,1
0,1
0,1
0,1
0,1
0,1
0,1
0,1
0,1
0,1
0,1
0,1
0,1
0,1
0,1
0,1
0,1
0,1
0,1
0,1
0,1
0,1
0,1
0,1
0,1
0,1
0,1
0,1
-0.3837477,1
-0.720171,1
-1,1
-1,1
-1,1
-1,1
-1,1
-1,1
-1,1
-1,1
-1,1
-1,1
-1,1
-1,1
-1,1
-1,1
-1,1
-1,1
-1,1
-1,1
-1,1
-1,1
-1,1
-1,1
-1,1
-1,1
-1,1
-1,1
-1,1
-1,1
-1,1
-1,1
-1,1
-1,1
-1,1
-1,1
-1,1
-1,1
-1,1
-1,1
-1,1
-1,1
-1,1
-1,1
-1,1
-1,1
-1,1
-1,1
-1,1
-1,1
-1,1
-1,1
-1,1
-0.8071092,1
-0.5016617,1
-0.1950318,1
0,1
0,1
0,1
0,1
0,1
0,1
0,1
0,1
0,1
0,1
0,1
0,1
0,1
0.2607982,1
0.6061861,1
0.6409767,1
0.7033861,1
0.8033326,1
0.8411369,1
0.8763853,1
0.8369026,1
0.5039889,1
0,1
0,1
0,1
0,1
0,1
0,1
0,1
0,1
0,1
0,1
0,1
0,1
0,1
0,1
0,1
0,1
0,1
0,1
0,1
0,1
0,1
0,1
0,1
0,1
0,1
0,1
0,1
0,1
0,1
0,1
0,1
0,1
0,1
0,1
0,1
0,1
0,1
0,1
0,1
0,1
0,1
0,1
0,1
0,1
0,1
0,1
0,1
0,1
0,1
0,1
0,1
0,1
0,1
0,1
0,1
0,1
0,1
0,1
0,1
0,1
0,1
0,1
0,1
0,1
0,1
0,1
0,1
0,1
0,1
0,1
0,1
0,1
0,1
0,1
0,1
0,1
0,1
0,1
0,1
0,1
0,1
0,1
0,1
0,1
0,1
0,1
0,1
0,1
0,1
0,1
0,1
0,1
0,1
0,1
0,1
0,1
0,1
0,1
0,1
0,1
0,1
0,1
0,1
0,1
0,1
0,1
0,1
0,1
0,1
0,1
0,1
0,1
0,1
0,1
0,1
-1,1
-1,1
-1,1
-1,1
-1,1
-1,1
-1,1
-1,1
-1,1
-1,1
-1,1
-1,1
-1,1
-1,1
-1,1
-1,1
-1,1
-1,1
-1,1
-1,1
-1,1
-1,1
-1,1
-1,1
-1,1
-1,1
-1,1
-1,1
-1,1
-1,1
-1,1
-1,1
-1,1
-1,1
-1,1
-1,1
-1,1
-1,1
-1,1
-1,1
-1,1
-1,1
-1,1
-1,1
-1,1
-1,1
-1,1
-1,1
-0.7284108,1
-0.439405,1
0,1
0,1
0,1
0,1
0,1
0,1
0,1
0,1
0,1
0,1
0,1
0,1
0,1
0,1
0,1
0,1
0,1
0,1
0,1
0,1
0,1
0,1
0,1
0,1
0,1
0,1
0,1
0,1
0,1
0,1
0,1
0,1
0,1
0,1
0,1
0,1
0,1
0,1
0,1
0,1
0,1
0,1
0,1
0,1
0,1
0,1
-0.3172184,1
-0.6182788,1
-0.6830153,1
-0.9915527,1
-1,1
-1,1
-1,1
-1,1
-1,1
-1,1
-1,1
-1,1
-1,1
-1,1
-1,1
-1,1
-1,1
-1,1
-0.7256261,1
-0.07902503,1
-0.01074091,1
0,1
0,1
0,1
0,1
0,1
-0.1962143,1
-0.6003495,1
-0.933988,1
-1,1
-1,1
-1,1
-1,1
-1,1
-1,1
-1,1
-1,1
-1,1
-1,1
-1,1
-1,1
-1,1
-1,1
-1,1
-1,1
-1,1
-1,1
-1,1
-1,1
-1,1
-1,1
-1,1
-1,1
-1,1
-1,1
-1,1
-1,1
-0.4561517,1
-0.1186603,1
-0.07189147,1
-0.008108765,1
0,1
0,1
0,1
0,1
0,1
0,1
0,1
0,1
0,1
0,1
0,1
0,1
0,1
0,1
0,1
0,1
0,1
0,1
0,1
0,1
0,1
0,1
0,1
0,1
0,1
0,1
0,1
0,1
0,1
0,1
0,1
0,1
0,1
0,1
0,1
0,1
0,1
0,1
0,1
0,1
0,1
0,1
0,1
0,1
0,1
0,1
0,1
0,1
0,1
0,1
0,1
0,1
0,1
0,1
0,1
0,1
0,1
0,1
0,1
0,1
0,1
0,1
-0.3148532,1
-0.6696636,1
-0.9609965,1
-0.9867842,1
-1,1
-1,1
-1,1
-0.7930328,1
-0.4593562,1
-0.378903,1
-0.1006166,1
-0.03084466,1
0,1
0,1
0,1
0,1
0,1
0,1
0,1
0,1
0,1
0,1
0,1
0,1
0,1
0,1
0.02371103,1
0.1094668,1
0.1814894,1
0.245005,1
0.311954,1
0.3777586,1
0.4504296,1
0.468359,1
0.4801084,1
0.4403968,1
0.04175484,1
0.00704065,1
0,1
0,1
0,1
0,1
0,1
0,1
0,1
0,1
0,1
0,1
0,1
0,1
0,1
0,1
0,1
0,1
0,1
0,1
0,1
0,1
0,1
0,1
0,1
0,1
0,1
0,1
0,1
0,1
0,1
0,1
0,1
0,1
0,1
0,1
0,1
0,1
0,1
-0.009710938,1
-0.09497069,1
-0.1800779,1
-0.3550989,1
-0.4189198,1
-0.4864028,1
-0.546447,1
-0.6091616,1
-0.9875853,1
-1,1
-1,1
-1,1
-1,1
-1,1
-1,1
-1,1
-1,1
-1,1
-1,1
-1,1
-1,1
-1,1
-1,1
-1,1
-1,1
-1,1
-1,1
-1,1
-1,1
-1,1
-1,1
-1,1
-1,1
-1,1
-1,1
-1,1
-1,1
-1,1
-1,1
-1,1
-1,1
-1,1
-1,1
-1,1
-1,1
-1,1
-1,1
-1,1
-1,1
-1,1
-1,1
-1,1
-0.9892257,1
-0.6579141,1
-0.297992,1
0,1
0,1
0,1
0,1
0,1
0,1
0,1
0,1
0,1
0,1
0,1
0,1
0,1
0,1
0,1
0,1
0,1
0,1
0,1
0,1
0,1
0,1
0,1
0,1
0,1
0,1
0,1
0,1
0,1
0,1
0,1
0,1
0,1
0,1
0,1
0,1
0,1
0,1
0,1
0,1
0,1
0,1
0,1
0,1
0,1
0,1
0,1
0,1
0,1
0,1
0,1
0,1
0,1
-0.1680233,1
-0.6156085,1
-1,1
-1,1
-1,1
-1,1
-1,1
-1,1
-1,1
-1,1
-1,1
-1,1
-1,1
-1,1
-1,1
-1,1
-1,1
-1,1
-1,1
-1,1
-1,1
-0.7507272,1
-0.6772931,1
-0.6285405,1
-0.5977173,1
-0.5646816,1
-0.5932922,1
-0.6714184,1
-0.9941849,1
-1,1
-1,1
-1,1
-1,1
-1,1
-1,1
-1,1
-1,1
-1,1
-1,1
-1,1
-1,1
-1,1
-1,1
-1,1
-1,1
-1,1
-1,1
-1,1
-1,1
-1,1
-0.7424873,1
-0.354603,1
-0.2890273,1
-0.208269,1
-0.1017229,1
-0.05670875,1
0,1
0,1
0,1
0,1
0,1
0,1
0,1
0,1
0,1
0,1
0,1
0,1
0,1
0,1
0,1
0,1
0,1
0,1
0,1
-0.3334311,1
-0.397023,1
-0.4736233,1
-0.5731122,1
-0.6167911,1
-0.645211,1
-0.674432,1
-0.6611568,1
-0.5929871,1
-0.269572,1
0,1
0,1
0,1
0,1
0,1
0,1
0,1
0,1
0,1
0,1
0,1
0,1
0,1
0,1
0,1
0,1
0,1
0,1
0,1
0,1
0,1
0,1
0,1
0,1
0,1
0,1
0,1
0,1
0,1
0,1
0,1
0,1
0,1
0,1
0,1
0,1
0,1
0,1
0,1
0,1
0,1
0,1
0,1
0,1
0,1
0,1
0,1
0,1
0,1
0,1
0,1
0,1
0,1
0,1
0,1
0,1
0,1
0,1
0,1
0,1
0,1
0,1
0,1
0,1
0,1
0,1
0,1
0,1
0,1
0,1
0,1
0,1
0,1
0,1
0,1
0,1
0,1
0,1
0,1
0,1
0,1
0,1
0,1
0,1
0,1
0,1
0,1
0,1
0,1
0,1
0,1
0,1
0,1
0,1
0,1
0,1
0,1
0,1
0,1
0,1
0,1
0,1
0,1
0,1
0,1
0,1
0,1
0,1
-0.3007768,1
-0.3775678,1
-0.5482018,1
-0.6145023,1
-0.6720669,1
-0.7369941,1
-0.7970383,1
-0.9104891,1
-0.9416175,1
-0.9613017,1
-0.9739286,1
-0.9811384,1
-0.9590891,1
-0.9435249,1
-0.933988,1
-0.9300206,1
-0.925176,1
-0.9466912,1
-1,1
-1,1
-1,1
-1,1
-1,1
-1,1
-1,1
-1,1
-1,1
-1,1
-1,1
-1,1
-1,1
-1,1
-1,1
-1,1
-1,1
-1,1
-1,1
-1,1
-1,1
-1,1
-1,1
-1,1
-1,1
-1,1
-1,1
-1,1
-1,1
-1,1
-1,1
-1,1
-1,1
-1,1
-1,1
-0.4138461,1
-0.01528047,1
0,1
0,1
0,1
0,1
0,1
0,1
0,1
0,1
0,1
0,1
0,1
0,1
0,1
0,1
0,1
0,1
0,1
0,1
0,1
0,1
0,1
0,1
0,1
0,1
0,1
0,1
0,1
0,1
0,1
0,1
0,1
0,1
0,1
0,1
0,1
0,1
0,1
0,1
0,1
0,1
0,1
0,1
0,1
0,1
0,1
0,1
0,1
0,1
0,1
0,1
0,1
0,1
0,1
0,1
0,1
0,1
0,1
0,1
0,1
0,1
0,1
0,1
0,1
0,1
0,1
0,1
0,1
0,1
0,1
0,1
0,1
0,1
0,1
0,1
0,1
0,1
0,1
0,1
0,1
0,1
0,1
0,1
0,1
0,1
0,1
0,1
0,1
0,1
0,1
0,1
0,1
0,1
0,1
0,1
0,1
0,1
-1,1
-1,1
-1,1
-1,1
-1,1
-1,1
-1,1
-1,1
-1,1
-1,1
-1,1
-1,1
-1,1
-1,1
-1,1
-1,1
-1,1
-1,1
-1,1
-1,1
-1,1
-1,1
-1,1
-1,1
-1,1
-1,1
-1,1
-1,1
-1,1
-1,1
-1,1
-1,1
-1,1
-1,1
-1,1
-1,1
-1,1
-1,1
-0.9951004,1
-0.6167911,1
0,1
0,1
0,1
-0.361851,1
-0.6668788,1
-1,1
-1,1
-1,1
-0.9650401,1
0,1
0,1
0,1
0,1
0,1
0,1
0,1
0,1
0.1891188,1
0.5032259,1
0.9247945,1
1,1
1,1
1,1
1,1
1,1
0.9656886,1
0,1
0,1
0,1
0,1
0,1
0,1
0,1
0,1
0,1
0,1
0,1
0,1
0,1
0,1
-0.04144967,1
-0.08711234,1
-0.1025239,1
-0.1115649,1
-0.116753,1
-0.1199193,1
-0.1199193,1
-0.122704,1
-0.122704,1
-0.122704,1
-0.122704,1
-0.122704,1
-0.122704,1
-0.122704,1
-0.9892257,1
-1,1
-1,1
-1,1
-1,1
-1,1
-1,1
-1,1
-1,1
-1,1
-1,1
-1,1
-1,1
-1,1
-1,1
-1,1
-0.6990373,1
-0.4187672,1
-0.363911,1
-0.3348426,1
-0.313251,1
-0.3373221,1
-0.4168597,1
-0.7420677,1
-0.8118777,1
-1,1
-1,1
-1,1
-1,1
-1,1
-1,1
-1,1
-0.7018983,1
-0.4121676,1
-0.05758613,1
0,1
0,1
0,1
0,1
0,1
0,1
0,1
0,1
0,1
0,1
0,1
0,1
0,1
0,1
0,1
0,1
0,1
0,1
0,1
0,1
0,1
0,1
0,1
0,1
0,1
0,1
0,1
0,1
0,1
0,1
0,1
0,1
0,1
0,1
0,1
0,1
0,1
0,1
0,1
0,1
0,1
0,1
0,1
0,1
0,1
0,1
0,1
0,1
0,1
0,1
0,1
0,1
0,1
0,1
0,1
0,1
0,1
-0.1973969,1
-0.5169208,1
-0.5900497,1
-0.6850752,1
-0.7789946,1
-0.8938187,1
-0.8867232,1
-0.4852203,1
-0.07521026,1
-0.02424516,1
0,1
0,1
0,1
0,1
0,1
0,1
0,1
0,1
0,1
0,1
0,1
0,1
0,1
0,1
0,1
0,1
0,1
0,1
0,1
0,1
0,1
-0.2523676,1
-0.6598216,1
-0.9866316,1
-1,1
-1,1
-1,1
-1,1
-0.6837782,1
-0.3113437,1
0,1
0,1
0,1
0,1
0,1
0,1
0,1
0,1
0,1
0,1
0,1
0,1
0,1
0,1
0,1
0,1
0,1
0,1
0,1
0,1
0,1
0,1
0,1
0,1
0,1
0,1
0,1
0,1
0,1
0,1
0,1
0,1
0,1
0,1
0,1
0,1
0,1
0,1
0,1
0,1
0,1
0,1
0,1
0,1
0,1
0,1
0,1
0,1
0,1
0,1
0,1
0,1
0,1
0,1
0,1
0,1
-0.0316076,1
-0.1186603,1
-0.2146396,1
-0.3080248,1
-0.5762021,1
-0.6228948,1
-0.746035,1
-0.8507119,1
-1,1
-1,1
-1,1
-1,1
-1,1
-1,1
-1,1
-1,1
-1,1
-1,1
-1,1
-1,1
-1,1
-1,1
-1,1
-1,1
-1,1
-1,1
-1,1
-1,1
-1,1
-1,1
-1,1
-1,1
-1,1
-1,1
-1,1
-1,1
-1,1
-1,1
-1,1
-1,1
-1,1
-1,1
-1,1
-1,1
-1,1
-1,1
-0.9213612,1
-0.5429375,1
-0.2044542,1
0,1
0,1
0,1
0,1
0,1
0,1
0,1
0,1
0,1
0,1
0,1
0,1
0,1
0,1
0,1
0,1
0,1
0,1
0,1
0,1
0,1
0,1
0,1
0,1
0,1
0,1
0,1
0,1
0,1
0,1
0,1
0,1
0,1
0,1
0,1
0,1
0,1
0,1
0,1
0,1
0,1
0,1
0,1
0,1
0,1
0,1
0,1
0,1
0,1
0,1
0,1
0,1
0,1
0,1
0,1
0,1
-0.2373374,1
-0.5651012,1
-0.6212925,1
-0.9962448,1
-1,1
-1,1
-1,1
-1,1
-1,1
-1,1
-1,1
-1,1
-1,1
-1,1
-1,1
-1,1
-1,1
-1,1
-1,1
-1,1
-1,1
-1,1
-1,1
-1,1
-1,1
-1,1
-1,1
-1,1
-1,1
-1,1
-1,1
-1,1
-1,1
-1,1
-1,1
-1,1
-1,1
-1,1
-1,1
-1,1
-1,1
-1,1
-1,1
-1,1
-1,1
-1,1
-1,1
-1,1
-0.9742337,1
-0.884854,1
-0.565826,1
-0.5033403,1
-0.4133502,1
-0.32851,1
-0.1627208,1
-0.1019899,1
-0.05781502,1
-0.01814157,1
0,1
0,1
0,1
0,1
0,1
0,1
0,1
0,1
0,1
0,1
0,1
0,1
0,1
0,1
0,1
0,1
0,1
0,1
0,1
0,1
0,1
0,1
0,1
0,1
0,1
-0.6466606,1
-0.9363532,1
-1,1
-1,1
-1,1
-1,1
-1,1
-1,1
-1,1
-1,1
-0.6813368,1
-0.3606685,1
-0.3086351,1
-0.004065111,1
0,1
0,1
0,1
0,1
0,1
0,1
0,1
0,1
0,1
0,1
0,1
0,1
0,1
0,1
0,1
0,1
0,1
0,1
0,1
0,1
0,1
0,1
0,1
0,1
0,1
0,1
0,1
0,1
0,1
0,1
0,1
0,1
0,1
0,1
0,1
0,1
0,1
0,1
0,1
0.010245,1
0.3430443,1
0.6520013,1
0.7320349,1
1,1
1,1
1,1
1,1
1,1
1,1
0.9360099,1
0.2443565,1
0,1
0,1
0,1
0,1
0,1
0,1
0,1
0,1
0,1
0,1
0,1
0,1
0,1
0,1
0,1
0,1
0,1
0,1
0,1
0,1
0,1
0,1
0,1
0,1
0,1
0,1
0,1
0,1
0,1
0,1
0,1
0,1
0,1
0,1
0,1
0,1
0,1
0,1
-0.5256566,1
-0.8587992,1
-0.9129306,1
-1,1
-1,1
-1,1
-1,1
-1,1
-1,1
-1,1
-1,1
-1,1
-1,1
-1,1
-1,1
-1,1
-0.9951004,1
-0.6431511,1
-0.2725857,1
-0.2152118,1
-0.1299139,1
0,1
0,1
0,1
0,1
0,1
-0.3901184,1
-0.6884704,1
-0.7424873,1
-0.8090166,1
-0.9270833,1
-0.9827406,1
-1,1
-1,1
-1,1
-1,1
-1,1
-1,1
-1,1
-1,1
-1,1
-1,1
-1,1
-1,1
-1,1
-1,1
-1,1
-1,1
-1,1
-1,1
-1,1
-1,1
-1,1
-1,1
-1,1
-1,1
-1,1
-1,1
-1,1
-1,1
-0.6919799,1
-0.3172184,1
-0.02584733,1
0,1
0,1
0,1
0,1
0,1
0,1
0,1
0,1
0,1
0,1
0,1
0,1
0,1
0,1
0,1
0,1
0,1
0,1
0,1
0,1
0,1
0,1
0,1
0,1
0,1
0,1
0,1
0,1
0,1
0,1
0,1
0,1
0,1
0,1
0,1
0,1
0,1
0,1
0,1
0,1
0,1
0,1
0,1
0,1
0,1
-0.0620494,1
-0.3743253,1
-0.4446693,1
-0.4918197,1
-0.8576167,1
-1,1
-1,1
-1,1
-1,1
-1,1
-1,1
-1,1
-1,1
-1,1
-1,1
-1,1
-1,1
-1,1
-1,1
-1,1
-0.7230321,1
-0.3900421,1
-0.334194,1
0,1
0,1
0,1
0,1
0,1
0,1
0,1
0,1
0,1
-0.2866622,1
-0.360554,1
-0.7570978,1
-1,1
-1,1
-1,1
-1,1
-1,1
-1,1
-1,1
-1,1
-1,1
-1,1
-1,1
-1,1
-1,1
-1,1
-1,1
-1,1
-1,1
-1,1
-1,1
-1,1
-1,1
-1,1
-1,1
-1,1
-1,1
-0.6605464,1
-0.2725857,1
-0.2260076,1
-0.09283446,1
0,1
0,1
0,1
0,1
0,1
0,1
0,1
0,1
0,1
0,1
0,1
0,1
0,1
0,1
0,1
0,1
-0.3583414,1
-0.6802306,1
-0.731043,1
-1,1
-1,1
-1,1
-1,1
-1,1
-1,1
-1,1
-1,1
-1,1
-1,1
-1,1
-1,1
-0.3078341,1
-0.2453484,1
0,1
0,1
0,1
0,1
0,1
0,1
0,1
0,1
0,1
0,1
0,1
0,1
0,1
0,1
0,1
0,1
0,1
0,1
0,1
0,1
0,1
0,1
0,1
0,1
0,1
0,1
0,1
0,1
0,1
0,1
0,1
0,1
0,1
0,1
0,1
0,1
0,1
0,1
0,1
0,1
0,1
0,1
0,1
0,1
0,1
0,1
0,1
0,1
0,1
0,1
0,1
0,1
0,1
0,1
0,1
0,1
0,1
0,1
0,1
0,1
0,1
0,1
0,1
0,1
0,1
0,1
0,1
0.2522531,1
0.6238103,1
0.672334,1
0.826679,1
0.8935899,1
0.9389472,1
0.9677486,1
0.9776288,1
0.6801924,1
0.0573954,1
0.003302097,1
0,1
0,1
0,1
0,1
0,1
0,1
0,1
0,1
0,1
0,1
0,1
0,1
0,1
0,1
0,1
0,1
0,1
0,1
0,1
0,1
0,1
0,1
0,1
0,1
0,1
0,1
0,1
0,1
0,1
-0.3826414,1
-0.6847319,1
-0.9751111,1
-1,1
-1,1
-1,1
-1,1
-1,1
-1,1
-1,1
-1,1
-1,1
-1,1
-1,1
-1,1
-1,1
-1,1
-1,1
-1,1
-1,1
-1,1
-1,1
-1,1
-1,1
-1,1
-1,1
-1,1
-1,1
-1,1
-1,1
-1,1
-1,1
-1,1
-1,1
-1,1
-1,1
-1,1
-1,1
-1,1
-1,1
-1,1
-1,1
-1,1
-1,1
-1,1
-1,1
-1,1
-1,1
-1,1
-1,1
-1,1
-1,1
-0.6809554,1
-0.3137088,1
-0.2699917,1
-0.1790861,1
0,1
0,1
0,1
0,1
0,1
0,1
0,1
0,1
0,1
0,1
0,1
0,1
0,1
0,1
0,1
0,1
0,1
0,1
0,1
0,1
0,1
0,1
0,1
0,1
0,1
0,1
0,1
0,1
0,1
0,1
0,1
0,1
0,1
0,1
0,1
0,1
0,1
0,1
0,1
0,1
0,1
0,1
0,1
0,1
0,1
0,1
0,1
0,1
0,1
0,1
0,1
-9.775162E-05,1
-0.3844725,1
-0.812755,1
-1,1
-1,1
-1,1
-1,1
-1,1
-1,1
-1,1
-1,1
-1,1
-1,1
-1,1
-1,1
-1,1
-1,1
-1,1
-1,1
-1,1
-1,1
-0.7334082,1
-0.3736005,1
-0.04045784,1
0,1
0,1
0,1
0,1
0,1
0,1
0,1
0,1
0,1
-0.3122973,1
-0.6257558,1
-0.9692363,1
-1,1
-1,1
-1,1
-1,1
-1,1
-1,1
-1,1
-1,1
-1,1
-1,1
-1,1
-1,1
-1,1
-1,1
-1,1
-1,1
-1,1
-1,1
-1,1
-1,1
-1,1
-1,1
-1,1
-1,1
-0.4852203,1
-0.1927047,1
-0.1265951,1
-0.03931344,1
0,1
0,1
0,1
0,1
0,1
0,1
0,1
0,1
0,1
0,1
0,1
0,1
0,1
0,1
0,1
0,1
0,1
0,1
0,1
0,1
0,1
0,1
0,1
-0.3442268,1
-0.4147998,1
-0.4834654,1
-0.5480874,1
-0.6577615,1
-0.6934677,1
-0.716051,1
-0.7305471,1
-0.7397026,1
-0.6390312,1
-0.5654064,1
-0.5051714,1
-0.4631709,1
-0.4367728,1
-0.4241078,1
-0.4241078,1
-0.4572581,1
-0.4720592,1
-0.4777433,1
-0.4813291,1
-0.483885,1
-0.4275793,1
-0.3478508,1
-0.007078722,1
0,1
0,1
0,1
0,1
0,1
0,1
0,1
0,1
0,1
0,1
0,1
0,1
0,1
0,1
0,1
0,1
0,1
0,1
0,1
0,1
0,1
0,1
0,1
0,1
0,1
0,1
0,1
0,1
0,1
0,1
0,1
0,1
0,1
0,1
0,1
0,1
0,1
0,1
0,1
0,1
0,1
0,1
0,1
0,1
0,1
0,1
0,1
0,1
0,1
0,1
0,1
0,1
0,1
0,1
0,1
0,1
0,1
0,1
0,1
0,1
0,1
0,1
0,1
0,1
0,1
0.02172738,1
0.03942788,1
0.05159691,1
0.05606025,1
0.06487235,1
0.06487235,1
0.02935693,1
0,1
0,1
0,1
0,1
0,1
0,1
0,1
0,1
0,1
0,1
0,1
0,1
0,1
0,1
0,1
0,1
0,1
0,1
0,1
0,1
0,1
0,1
0,1
0,1
0,1
0,1
0,1
-0.227915,1
-0.6027147,1
-1,1
-1,1
-1,1
-1,1
-1,1
-1,1
-1,1
-1,1
-1,1
-1,1
-1,1
-1,1
-1,1
-1,1
-1,1
-1,1
-1,1
-1,1
-1,1
-1,1
-1,1
-1,1
-1,1
-1,1
-1,1
-1,1
-1,1
-1,1
-1,1
-1,1
-1,1
-1,1
-1,1
-1,1
-1,1
-1,1
-1,1
-1,1
-1,1
-1,1
-1,1
-0.3700909,1
-0.3194309,1
-0.2329886,1
0,1
0,1
0,1
0,1
0,1
0,1
0,1
0,1
0,1
0,1
0,1
0,1
0,1
0,1
0,1
0,1
0,1
0,1
0,1
0,1
0,1
0,1
-0.3336599,1
-0.4112139,1
-0.7042634,1
-0.7571741,1
-0.8173329,1
-0.8891265,1
-0.9343695,1
-0.9447838,1
-0.9220097,1
-0.8402213,1
-0.5315313,1
-0.3665431,1
-0.08341201,1
-0.03042504,1
0,1
0,1
0,1
0,1
0,1
0,1
0,1
0,1
0,1
0,1
0,1
0,1
0,1
0,1
0,1
0,1
0,1
0,1
0,1
0,1
-0.2819701,1
-0.3479653,1
-0.6372763,1
-0.6649715,1
-1,1
-1,1
-1,1
-1,1
-1,1
-1,1
-1,1
-1,1
-1,1
-1,1
-1,1
-1,1
-1,1
-1,1
-1,1
-1,1
-1,1
-1,1
-1,1
-1,1
-1,1
-1,1
-1,1
-1,1
-1,1
-1,1
-1,1
-1,1
-1,1
-1,1
-1,1
-1,1
-1,1
-1,1
-1,1
-1,1
-1,1
-1,1
-1,1
-0.7559534,1
-0.1448296,1
-0.05251251,1
0,1
0,1
0,1
0,1
0,1
0,1
0,1
0,1
0,1
0,1
0,1
0,1
0,1
0,1
0,1
0,1
0,1
0,1
0,1
0,1
0,1
0,1
0,1
0,1
0,1
0,1
-0.04232712,1
-0.3216816,1
-0.3933609,1
-0.5311117,1
-0.5683437,1
-0.6008455,1
-0.6129764,1
-0.6085131,1
-0.2349722,1
-0.2241765,1
-0.1635982,1
-0.04606552,1
0,1
0,1
0,1
0,1
0,1
0,1
0,1
0,1
0,1
0,1
0,1
0,1
0,1
0,1
0,1
0,1
0,1
0,1
0,1
0,1
0,1
0,1
0,1
0,1
0,1
0,1
0,1
0,1
0,1
0,1
0,1
0,1
0,1
0,1
0,1
0,1
0,1
0,1
0,1
0,1
0,1
0,1
0,1
0,1
0,1
0,1
0,1
0,1
0,1
0,1
0,1
0,1
0,1
0,1
0,1
0,1
0,1
0,1
0,1
0,1
0,1
0,1
0,1
0,1
0,1
0,1
0,1
0,1
0,1
0,1
0,1
0,1
0,1
0,1
0,1
0,1
0,1
0,1
0,1
0,1
0,1
0,1
0,1
0,1
0,1
0,1
0,1
0,1
0,1
0,1
0,1
0,1
0,1
0,1
0,1
0,1
0,1
0,1
0,1
0,1
0,1
0,1
0,1
0,1
0,1
0,1
0,1
0,1
0,1
0,1
0,1
-0.2376426,1
-0.8938187,1
-1,1
-1,1
-1,1
-1,1
-1,1
-1,1
-1,1
-1,1
-1,1
-1,1
-1,1
-1,1
-1,1
-1,1
-1,1
-1,1
-1,1
-1,1
-1,1
-1,1
-1,1
-1,1
-1,1
-1,1
-1,1
-1,1
-1,1
-1,1
-1,1
-1,1
-1,1
-1,1
-1,1
-1,1
-1,1
-1,1
-1,1
-1,1
-1,1
-1,1
-1,1
-1,1
-1,1
-1,1
-1,1
-1,1
-1,1
-1,1
-1,1
-1,1
-1,1
-1,1
-1,1
-0.7519097,1
-0.4699612,1
-0.173898,1
0,1
0,1
0,1
0,1
0,1
0,1
0,1
0,1
0,1
0,1
0,1
0,1
0,1
0,1
0,1
0,1
0,1
0,1
0,1
0,1
0,1
0,1
0,1
0,1
0,1
0,1
0,1
0,1
0,1
0,1
0,1
0,1
0,1
0,1
0,1
0,1
0,1
0,1
0,1
0,1
0,1
0,1
0,1
0,1
0,1
0,1
0,1
0,1
0,1
0,1
0,1
0,1
0,1
0,1
0,1
0,1
0,1
0,1
0,1
0,1
-0.3583414,1
-0.3778729,1
-0.4530618,1
-0.6435326,1
-0.9880431,1
-1,1
-1,1
-1,1
-1,1
-1,1
-1,1
-1,1
-1,1
-1,1
-1,1
-1,1
-1,1
-1,1
-1,1
-1,1
-1,1
-1,1
-1,1
-1,1
-1,1
-1,1
-1,1
-1,1
-1,1
-1,1
-1,1
-1,1
-1,1
-1,1
-1,1
-1,1
-1,1
-1,1
-1,1
-1,1
-1,1
-1,1
-1,1
-1,1
-1,1
-1,1
-1,1
-1,1
-1,1
-1,1
-1,1
-1,1
-1,1
-1,1
-1,1
-1,1
-1,1
-1,1
-0.9472252,1
-0.589096,1
-0.2702205,1
0,1
0,1
0,1
0,1
0,1
0,1
0,1
0,1
0,1
0,1
0.3262974,1
0.6324698,1
0.9257482,1
0.9583262,1
1,1
1,1
1,1
1,1
0.9806424,1
0.6285024,1
0,1
0,1
0,1
0,1
0,1
0,1
0,1
0,1
0,1
0,1
0,1
0,1
0,1
0,1
0,1
0,1
0,1
0.008642823,1
0.1292272,1
0.2032335,1
0.2649181,1
0.3376655,1
0.3265645,1
0.2613704,1
0.004675388,1
0,1
0,1
0,1
0,1
0,1
0,1
0,1
0,1
0,1
0,1
0,1
0,1
0,1
0,1
0,1
0,1
0,1
0,1
0,1
0,1
0,1
0,1
0,1
0,1
0,1
0,1
0,1
0,1
0,1
0,1
0,1
0,1
0,1
0,1
0,1
0,1
0,1
0,1
0,1
0,1
0,1
0,1
0,1
0,1
0,1
0,1
0,1
0,1
0,1
0,1
0,1
0,1
0,1
0,1
0,1
0,1
0,1
0,1
0,1
0,1
0,1
0,1
0,1
0,1
0,1
0,1
0,1
0,1
0,1
0,1
0,1
0,1
0,1
0,1
0,1
0,1
-0.003531054,1
-0.1606608,1
-0.4326529,1
-0.4703045,1
-0.5210407,1
-0.5797879,1
-0.63617,1
-0.7043016,1
-0.7967713,1
-0.8477746,1
-0.894429,1
-0.9328055,1
-0.9903702,1
-1,1
-1,1
-1,1
-1,1
-1,1
-1,1
-1,1
-1,1
-1,1
-1,1
-1,1
-1,1
-1,1
-1,1
-1,1
-1,1
-1,1
-1,1
-1,1
-1,1
-1,1
-1,1
-1,1
-1,1
-1,1
-1,1
-1,1
-1,1
-1,1
-1,1
-1,1
-1,1
-1,1
-1,1
-1,1
-1,1
-1,1
-1,1
-0.7416099,1
-0.4429146,1
-0.3816114,1
-0.1982743,1
-0.1222844,1
-0.06964073,1
-0.0350409,1
0,1
0,1
0,1
0,1
0,1
0,1
0,1
0,1
0,1
0,1
0,1
0,1
0,1
0,1
0,1
0,1
0,1
0,1
0,1
0,1
0,1
0,1
0,1
0,1
0,1
0,1
0,1
0,1
0,1
0,1
0,1
0,1
0,1
0,1
0,1
0,1
-0.00238657,1
-0.03732979,1
-0.08982077,1
-0.173364,1
-0.4375739,1
-0.5106264,1
-0.8750882,1
-1,1
-1,1
-1,1
-1,1
-1,1
-1,1
-1,1
-0.7859755,1
-0.733103,1
-0.6347204,1
-0.2990983,1
-0.2541605,1
-0.2063616,1
-0.1741269,1
-0.1859145,1
-0.5298528,1
-0.8611643,1
-1,1
-1,1
-1,1
-1,1
-1,1
-1,1
-1,1
-1,1
-1,1
-1,1
-1,1
-1,1
-1,1
-1,1
-1,1
-1,1
-1,1
-1,1
-1,1
-1,1
-1,1
-1,1
-1,1
-1,1
-1,1
-1,1
-1,1
-1,1
-1,1
-1,1
-1,1
-1,1
-1,1
-1,1
-0.7242146,1
-0.4276556,1
-0.359524,1
-0.08840933,1
0,1
0,1
0,1
0,1
0,1
0,1
0,1
0,1
0,1
0,1
0,1
0,1
0,1
0,1
0,1
-0.3195835,1
-0.3947724,1
-0.7068194,1
-0.7755231,1
-0.8637965,1
-1,1
-1,1
-1,1
-1,1
-1,1
-0.6837782,1
-0.6050417,1
-0.1719143,1
-0.08680716,1
-0.01764566,1
0,1
0,1
0,1
0,1
0,1
0,1
0,1
0,1
0,1
0,1
0,1
0,1
0,1
0,1
0,1
0,1
0,1
0,1
0,1
0,1
0.0151661,1
0.2964661,1
0.3513986,1
0.4375358,1
0.4605769,1
0.4772474,1
0.4886153,1
0.4929641,1
0.1672603,1
0.08810416,1
0.02840325,1
0,1
0,1
0,1
0,1
0,1
0,1
0,1
0,1
0,1
0,1
0,1
0,1
0,1
0,1
-0.2890273,1
-0.3483467,1
-0.4371162,1
-0.7044542,1
-0.7881881,1
-0.7881881,1
-0.8345755,1
-0.8456001,1
-0.7771634,1
-0.4358572,1
-0.06059974,1
-0.01520418,1
0,1
0,1
0,1
0,1
0,1
0,1
0,1
0,1
0,1
0,1
0,1
0.314548,1
0.6167529,1
0.6520013,1
0.8010438,1
0.8601725,1
0.8981293,1
0.9234594,1
0.9395957,1
0.9492851,1
0.9090014,1
0.495749,1
0.04881218,1
0,1
0,1
0,1
0,1
0,1
0,1
0,1
0,1
0,1
0,1
0,1
0,1
0,1
0,1
0,1
0,1
0,1
0,1
0,1
0,1
0,1
0,1
0,1
0,1
0,1
0,1
0,1
0,1
0,1
0,1
0,1
0,1
0,1
-0.369862,1
-0.4170886,1
-0.4855254,1
-0.5665889,1
-0.6535272,1
-0.8176762,1
-0.8790556,1
-0.9621791,1
-1,1
-1,1
-1,1
-1,1
-1,1
-1,1
-1,1
-1,1
-1,1
-1,1
-1,1
-0.7401603,1
-0.6199574,1
-0.3263356,1
-0.3312567,1
-0.3757367,1
-0.758929,1
-1,1
-1,1
-1,1
-1,1
-1,1
-1,1
-1,1
-1,1
-1,1
-1,1
-1,1
-1,1
-1,1
-1,1
-1,1
-1,1
-1,1
-1,1
-1,1
-1,1
-1,1
-1,1
-1,1
-0.7706783,1
-0.4840376,1
-0.4204457,1
-0.02798364,1
0,1
0,1
0,1
0,1
0,1
0,1
0,1
0,1
0,1
0,1
0,1
0,1
0,1
0,1
-0.3694424,1
-0.4238408,1
-0.4972748,1
-0.5776517,1
-0.6714184,1
-0.9361243,1
-1,1
-1,1
-1,1
-1,1
-1,1
-1,1
-1,1
-1,1
-1,1
-0.6990373,1
-0.3120685,1
-0.2498116,1
-0.1654293,1
-0.07242553,1
-0.02203263,1
0,1
0,1
0,1
0,1
0,1
0,1
0,1
0,1
0,1
0,1
0,1
0,1
0,1
0,1
0,1
0,1
0,1
0,1
0,1
0,1
0,1
0,1
0,1
0,1
0,1
0,1
0,1
0,1
0,1
0,1
0,1
0,1
0,1
0,1
0,1
0,1
0,1
0,1
0,1
0,1
0,1
-0.005323961,1
-0.0136783,1
-0.01669191,1
-0.0196293,1
-0.0196293,1
-0.02233781,1
-0.02233781,1
-0.02233781,1
-0.02233781,1
-0.02233781,1
-0.02233781,1
-0.02233781,1
-0.02233781,1
-0.02233781,1
-0.02233781,1
-0.02233781,1
-0.02233781,1
-0.02233781,1
-0.02233781,1
-0.02233781,1
-0.07219665,1
-0.4349799,1
-0.4349799,1
-1,1
-1,1
-1,1
-1,1
-1,1
-1,1
-1,1
-1,1
-1,1
-1,1
-1,1
-1,1
-1,1
-1,1
-1,1
-1,1
-1,1
-1,1
-1,1
-1,1
-1,1
-1,1
-1,1
-1,1
-1,1
-1,1
-1,1
-1,1
-1,1
-1,1
-1,1
-1,1
-1,1
-1,1
-1,1
-1,1
-0.9502389,1
-0.4918197,1
-0.1349112,1
0,1
0.2995561,1
0.3451423,1
0.40244,1
0.4389091,1
0.4587458,1
0.01848489,1
0,1
0,1
0,1
0,1
0,1
0,1
0,1
0,1
0,1
0.2643077,1
0.6367422,1
0.6814513,1
0.7556863,1
1,1
1,1
1,1
1,1
0.9715633,1
0.6484917,1
0,1
0,1
0,1
0,1
0,1
0,1
0,1
0,1
0,1
0,1
0,1
0,1
0,1
0,1
0,1
0,1
0,1
0,1
0,1
0,1
0,1
0,1
0,1
0,1
0,1
0,1
0,1
0,1
0,1
0,1
0,1
0,1
0,1
-0.3097414,1
-0.6211399,1
-0.9609965,1
-1,1
-1,1
-1,1
-1,1
-0.9951004,1
-0.331333,1
-0.04583664,1
0,1
0,1
0,1
0,1
0,1
0,1
0,1
0,1
0,1
0,1
0,1
0,1
0,1
0,1
0,1
0,1
0,1
0.263354,1
0.3911865,1
0.4434867,1
0.4913619,1
0.5071932,1
0.5091769,1
0,1
0,1
0,1
0,1
0,1
0,1
0,1
0,1
0,1
0,1
0,1
0,1
0,1
0,1
0,1
0,1
0,1
0,1
0,1
0,1
0,1
0,1
0,1
0,1
0,1
0,1
0,1
0,1
0,1
0,1
0,1
0,1
0,1
0,1
0,1
0,1
-0.04701927,1
-0.04701927,1
-0.09252928,1
-0.1037065,1
-0.110802,1
-0.1179355,1
-0.120644,1
-0.120644,1
-0.120644,1
-0.120644,1
-0.1230855,1
-0.1230855,1
-0.1230855,1
-0.1230855,1
-0.1368186,1
-0.2426781,1
-0.6449822,1
-0.6449822,1
-1,1
-1,1
-1,1
-1,1
-1,1
-1,1
-1,1
-1,1
-1,1
-1,1
-1,1
-1,1
-1,1
-1,1
-1,1
-1,1
-1,1
-1,1
-1,1
-1,1
-0.9633616,1
-0.5439675,1
-0.4847625,1
-0.220438,1
-0.2090701,1
-0.2051027,1
-0.6437996,1
-0.9633616,1
-1,1
-1,1
-1,1
-1,1
-1,1
-1,1
-1,1
-1,1
-0.9557322,1
-0.6619579,1
-0.5985947,1
-0.573837,1
-0.546447,1
-0.5427086,1
-0.5366812,1
-0.5323706,1
-0.5284032,1
-0.5284032,1
-0.5284032,1
-0.5319128,1
-0.5319128,1
-0.5002503,1
0,1
0,1
0,1
0,1
0,1
0,1
0,1
0,1
0,1
0,1
0,1
0,1
0,1
0,1
0,1
0,1
0,1
0,1
0,1
0,1
0,1
0,1
0,1
0,1
0,1
0,1
0,1
0,1
0,1
0,1
0,1
0,1
0,1
0,1
0,1
0,1
0,1
0,1
0,1
0,1
0,1
0,1
0,1
0,1
-0.2772779,1
-0.3512079,1
-0.7042634,1
-1,1
-1,1
-1,1
-1,1
-1,1
-1,1
-1,1
-1,1
-1,1
-1,1
-1,1
-1,1
-1,1
-1,1
-1,1
-1,1
-0.4540155,1
-0.1647808,1
-0.0763166,1
-0.002081394,1
0,1
0,1
0,1
0,1
0,1
-0.176225,1
-0.9351707,1
-1,1
-1,1
-1,1
-1,1
-1,1
-1,1
-1,1
-1,1
-1,1
-1,1
-1,1
-1,1
-1,1
-1,1
-1,1
-1,1
-1,1
-1,1
-1,1
-1,1
-1,1
-1,1
-1,1
-1,1
-1,1
-1,1
-1,1
-1,1
-1,1
-0.9927353,1
-0.4217808,1
-0.1233906,1
-0.05632728,1
0,1
0,1
0,1
0,1
0,1
0,1
0,1
0,1
0,1
0,1
0,1
-0.2819701,1
-0.3545267,1
-0.9586695,1
-0.9690074,1
-1,1
-1,1
-1,1
-1,1
-0.735964,1
-0.4039278,1
-0.04583664,1
-0.005896166,1
0,1
0,1
0,1
0,1
0,1
0,1
0,1
0,1
0,1
0,1
0,1
0,1
0,1
0,1
0,1
0,1
0,1
0,1
0,1
0,1
0,1
0,1
0,1
0,1
0,1
0,1
0,1
0,1
0,1
0,1
0,1
0,1
0,1
0,1
0,1
0,1
0,1
0,1
0,1
0,1
0,1
0,1
0,1
0,1
0,1
0,1
0,1
0,1
0,1
0,1
0,1
0,1
0,1
0,1
0,1
0,1
0,1
0,1
0,1
0,1
0,1
0,1
0,1
0,1
0,1
0,1
0,1
0,1
0,1
0.002615452,1
0.04724815,1
0.1153415,1
0.1858763,1
0.3527337,1
0.4349418,1
0.49243,1
0.5314931,1
0.5657879,1
0.5776898,1
0.1303716,1
0.06643638,1
0.02569482,1
0,1
0,1
0,1
0,1
0,1
0,1
0,1
0,1
0,1
0,1
0,1
0,1
0,1
0,1
0,1
0,1
0,1
0,1
0,1
-0.007498413,1
-0.04701927,1
-0.07162444,1
-0.08673087,1
-0.1034776,1
-0.1077501,1
-0.1102298,1
-0.1102298,1
-0.1128619,1
-0.1715329,1
-0.1715329,1
-0.5197818,1
-0.6112978,1
-0.8852354,1
-0.9384894,1
-1,1
-1,1
-1,1
-1,1
-1,1
-1,1
-1,1
-1,1
-1,1
-1,1
-1,1
-1,1
-1,1
-1,1
-1,1
-1,1
-1,1
-1,1
-0.9913238,1
-0.6814131,1
-0.2869674,1
-0.2143344,1
-0.1064913,1
-0.06273605,1
-0.03465943,1
-0.02382554,1
-0.09886175,1
-0.4521081,1
-0.7430214,1
-1,1
-1,1
-1,1
-1,1
-1,1
-1,1
-1,1
-1,1
-1,1
-1,1
-1,1
-1,1
-1,1
-1,1
-1,1
-1,1
-1,1
-1,1
-1,1
-1,1
-1,1
-1,1
-1,1
-1,1
-1,1
-1,1
-0.756373,1
-0.1222081,1
-0.03526978,1
0,1
0,1
0,1
0,1
0,1
0,1
0,1
0,1
0,1
0,1
0,1
0,1
0,1
0,1
0,1
0,1
0,1
0,1
0,1
0,1
0,1
0,1
0,1
0,1
0,1
0,1
0,1
0,1
0,1
0,1
0,1
0,1
0,1
0,1
0,1
0,1
0,1
0,1
0,1
0,1
0,1
0,1
0,1
0,1
0,1
0,1
0,1
0,1
0,1
0,1
0,1
0,1
0,1
0,1
0,1
0,1
-0.04545517,1
-0.3896224,1
-0.7483621,1
-1,1
-1,1
-1,1
-1,1
-1,1
-1,1
-1,1
-1,1
-1,1
-1,1
-1,1
-1,1
-1,1
-1,1
-1,1
-1,1
-1,1
-1,1
-1,1
-1,1
-1,1
-1,1
-1,1
-1,1
-1,1
-1,1
-1,1
-1,1
-1,1
-1,1
-1,1
-1,1
-1,1
-1,1
-1,1
-1,1
-1,1
-1,1
-1,1
-1,1
-1,1
-1,1
-1,1
-1,1
-0.9765989,1
-0.5592264,1
-0.1760343,1
-0.109276,1
-0.0343924,1
0,1
0,1
0,1
0,1
0,1
0,1
-0.04259415,1
-0.1116412,1
-0.2615611,1
-0.3188968,1
-0.3624614,1
-0.4183857,1
-0.501967,1
-0.8458672,1
-0.9010285,1
-0.9338354,1
-0.9549311,1
-0.9688167,1
-0.976637,1
-0.9130832,1
-0.5912322,1
-0.3048204,1
0,1
0,1
0,1
0,1
0,1
0,1
0,1
0,1
0,1
0,1
0,1
0,1
0,1
0,1
0,1
0,1
0,1
0,1
0,1
0,1
0,1
0,1
0,1
0,1
0,1
0,1
0,1
0,1
0,1
0,1
0,1
0,1
0,1
0,1
0,1
0,1
0,1
0,1
0,1
0,1
0,1
0,1
0,1
0,1
0,1
0,1
0,1
0,1
0,1
0,1
0,1
0,1
0,1
0,1
0,1
0,1
0,1
0.2743787,1
0.3638728,1
0.6782849,1
0.7868148,1
1,1
1,1
1,1
1,1
1,1
1,1
0.9774381,1
0,1
0,1
0,1
0,1
0,1
0,1
0,1
0,1
0,1
0,1
0,1
0,1
0,1
0,1
0,1
-0.02088815,1
-0.2970383,1
-0.3669246,1
-0.4570292,1
-0.5366049,1
-0.6235433,1
-0.6529931,1
-0.6487206,1
-0.6074068,1
-0.5387412,1
-0.2300512,1
-0.05472504,1
0,1
0,1
0,1
0,1
0,1
0,1
0,1
0,1
0,1
0,1
0,1
0,1
0,1
0,1
0,1
0,1
0,1
0,1
0,1
0,1
0,1
0,1
0,1
0,1
0,1
0,1
0,1
-0.01638673,1
-0.3536493,1
-0.6990373,1
-0.7480187,1
-1,1
-1,1
-1,1
-1,1
-1,1
-1,1
-1,1
-1,1
-1,1
-1,1
-1,1
-1,1
-1,1
-1,1
-1,1
-1,1
-1,1
-1,1
-1,1
-1,1
-1,1
-1,1
-1,1
-1,1
-1,1
-1,1
-1,1
-1,1
-1,1
-1,1
-1,1
-1,1
-1,1
-1,1
-1,1
-1,1
-1,1
-1,1
-1,1
-1,1
-1,1
-1,1
-1,1
-1,1
-0.9490563,1
-0.5924149,1
-0.2752179,1
0,1
0,1
0,1
0,1
0,1
0,1
0,1
0,1
0,1
0,1
0,1
0,1
0,1
0,1
0,1
0,1
0,1
0,1
0,1
0,1
0,1
0,1
0,1
0,1
0,1
0,1
0,1
0,1
0,1
0,1
0,1
0,1
0,1
0,1
0,1
0,1
0,1
0,1
0,1
0,1
0,1
0,1
0,1
0,1
0,1
0,1
0,1
0,1
0,1
-0.359524,1
-0.715021,1
-1,1
-1,1
-1,1
-1,1
-1,1
-1,1
-1,1
-1,1
-1,1
-1,1
-1,1
-1,1
-1,1
-1,1
-0.7225361,1
-0.3856551,1
-0.008528382,1
0,1
0,1
0,1
0,1
0,1
0,1
0,1
0,1
-0.3302267,1
-0.627358,1
-0.9645442,1
-1,1
-1,1
-1,1
-1,1
-1,1
-1,1
-1,1
-1,1
-1,1
-1,1
-1,1
-1,1
-1,1
-1,1
-1,1
-1,1
-1,1
-1,1
-1,1
-1,1
-1,1
-1,1
-1,1
-1,1
-1,1
-1,1
-1,1
-1,1
-1,1
-1,1
-1,1
-1,1
-1,1
-1,1
-1,1
-1,1
-0.7577845,1
-0.6809554,1
-0.3052401,1
0,1
0,1
0,1
0,1
0,1
0,1
0,1
0,1
0,1
0,1
0,1
0,1
0,1
0,1
0,1
0,1
0,1
0,1
0,1
0,1
0,1
0,1
0,1
0,1
0,1
0,1
0,1
0,1
0,1
-0.007422119,1
-0.3308752,1
-0.3802763,1
-0.417432,1
-0.4561517,1
-0.4656123,1
-0.4718685,1
-0.4757597,1
-0.3710446,1
-0.0733792,1
0,1
0,1
0,1
0,1
0,1
0,1
0,1
0,1
0,1
0,1
0,1
0,1
0,1
0,1
0,1
0,1
0,1
0,1
0,1
0,1
0,1
0,1
0,1
0,1
0,1
0,1
0,1
0,1
0,1
0,1
0,1
0,1
0,1
0,1
0,1
0,1
0,1
0,1
0,1
0,1
0,1
0,1
0,1
0,1
0,1
0,1
0,1
0,1
0,1
0,1
0,1
0,1
0,1
0,1
0,1
0,1
0,1
0,1
0,1
0,1
0,1
0,1
0,1
0,1
0,1
0,1
0,1
0,1
0,1
0,1
0,1
0,1
0,1
0,1
0,1
0,1
0,1
0,1
0,1
0,1
0,1
0,1
0,1
0,1
0,1
0,1
0,1
0,1
0,1
0,1
0,1
0,1
0,1
0,1
0,1
0,1
0,1
0,1
0,1
0,1
0,1
0,1
0,1
0,1
0,1
0,1
0,1
0,1
0,1
0,1
0,1
0,1
0,1
0,1
0,1
0,1
0,1
-0.5604091,1
-1,1
-1,1
-1,1
-1,1
-1,1
-1,1
-1,1
-1,1
-1,1
-1,1
-1,1
-1,1
-1,1
-1,1
-1,1
-1,1
-1,1
-1,1
-1,1
-1,1
-1,1
-1,1
-1,1
-1,1
-1,1
-1,1
-1,1
-1,1
-1,1
-1,1
-1,1
-1,1
-1,1
-1,1
-1,1
-1,1
-1,1
-1,1
-1,1
-1,1
-1,1
-1,1
-1,1
-1,1
-0.9584406,1
-0.476103,1
-0.1548624,1
-0.07154815,1
-0.002729967,1
0,1
0,1
0,1
0,1
0,1
0,1
0,1
0,1
0,1
0,1
0,1
-0.4864028,1
-0.5601038,1
-1,1
-1,1
-1,1
-1,1
-1,1
-1,1
-1,1
-1,1
-0.9789258,1
-0.2831526,1
0,1
0,1
0,1
0,1
0,1
0,1
0,1
0,1
0,1
0,1
0,1
0,1
0,1
0,1
0,1
0,1
0,1
0,1
0,1
0,1
0,1
0,1
0,1
0,1
0,1
-0.06082863,1
-0.1547861,1
-0.4534814,1
-0.4819776,1
-0.6132053,1
-0.7004869,1
-0.9640865,1
-1,1
-1,1
-1,1
-1,1
-1,1
-1,1
-1,1
-1,1
-1,1
-1,1
-1,1
-1,1
-1,1
-1,1
-1,1
-1,1
-0.6306768,1
-0.2714032,1
-0.2529016,1
0,1
0,1
0,1
0,1
0,1
0,1
0,1
0,1
0,1
-0.2678936,1
-0.841175,1
-1,1
-1,1
-1,1
-1,1
-1,1
-1,1
-1,1
-1,1
-1,1
-1,1
-1,1
-1,1
-1,1
-1,1
-1,1
-1,1
-0.9765989,1
-0.6443337,1
-0.2907059,1
0,1
0,1
0,1
0,1
0,1
0,1
0,1
0,1
0,1
0,1
0,1
0,1
0,1
0,1
0,1
0,1
0,1
0,1
0,1
0,1
0,1
-0.01001611,1
-0.356434,1
-0.4366202,1
-0.5125338,1
-0.5759732,1
-0.6544046,1
-0.6675273,1
-0.6344153,1
-0.2702205,1
0,1
0,1
0,1
0,1
0,1
0,1
0,1
0,1
0,1
0,1
0,1
0,1
0,1
0,1
0,1
0,1
0,1
0,1
0,1
0,1
0,1
0,1
0,1
0,1
0,1
0,1
0,1
0,1
0,1
0,1
0,1
0,1
0,1
0,1
0,1
0,1
0,1
0,1
-0.09333037,1
-0.1743177,1
-0.2513375,1
-0.314281,1
-0.3539163,1
-0.3797041,1
-0.3921783,1
-0.3327063,1
-0.003531054,1
0,1
0,1
0,1
0,1
0,1
0,1
0,1
0,1
0,1
0,1
0,1
0,1
0,1
0,1
0,1
0,1
0,1
0,1
0,1
0,1
0,1
0,1
0,1
0,1
0,1
0,1
0,1
0,1
0,1
0,1
0,1
0,1
0,1
0,1
0,1
0,1
0,1
0,1
0,1
0,1
0,1
0,1
0,1
0,1
0,1
0,1
0,1
0,1
0,1
0,1
0,1
0,1
0,1
-0.6238484,1
-0.6802306,1
-0.9692363,1
-1,1
-1,1
-1,1
-1,1
-1,1
-1,1
-1,1
-1,1
-1,1
-0.9798033,1
-0.5979843,1
-0.2878447,1
-0.2239858,1
-0.1349112,1
0,1
0,1
0,1
0,1
0,1
0,1
0,1
0,1
-0.06582595,1
-0.1407097,1
-0.1920944,1
-0.2244817,1
-0.2452721,1
-0.2590052,1
-0.2730817,1
-0.2764005,1
-0.2793378,1
-0.2963517,1
-0.3692898,1
-0.9939179,1
-1,1
-1,1
-1,1
-1,1
-1,1
-1,1
-1,1
-1,1
-1,1
-1,1
-1,1
-1,1
-1,1
-1,1
-1,1
-1,1
-1,1
-1,1
-1,1
-1,1
-1,1
-1,1
-1,1
-1,1
-1,1
-1,1
-1,1
-1,1
-1,1
-1,1
-1,1
-1,1
-1,1
-0.6478432,1
-0.3670772,1
-0.1881271,1
-0.1110309,1
-0.03622346,1
0,1
0,1
0,1
0,1
0,1
0,1
0,1
0,1
0,1
0,1
0,1
0,1
0,1
0,1
0,1
0,1
0,1
0,1
0,1
0,1
0,1
0,1
0,1
0,1
0,1
0,1
0,1
0,1
0,1
0,1
0,1
0,1
0,1
0,1
0,1
0,1
0,1
0,1
0,1
0,1
0,1
0,1
0,1
0,1
0,1
0,1
0,1
0,1
0,1
0,1
0,1
0,1
0,1
0,1
-0.2807875,1
-0.7213536,1
-1,1
-1,1
-1,1
-1,1
-1,1
-1,1
-1,1
-1,1
-1,1
-1,1
-1,1
-1,1
-1,1
-1,1
-1,1
-1,1
-1,1
-1,1
-1,1
-1,1
-1,1
-1,1
-1,1
-1,1
-1,1
-1,1
-1,1
-1,1
-1,1
-1,1
-1,1
-1,1
-1,1
-1,1
-1,1
-1,1
-1,1
-1,1
-1,1
-1,1
-1,1
-1,1
-1,1
-1,1
-1,1
-1,1
-1,1
-1,1
-0.7377952,1
-0.3583414,1
-0.007803589,1
0,1
0,1
0,1
0,1
0,1
0,1
0,1
0,1
0,1
0,1
0,1
0,1
0,1
0,1
-0.3571588,1
-0.3976334,1
-0.483885,1
-0.5726544,1
-0.8480034,1
-0.976637,1
-0.9937653,1
-1,1
-1,1
-0.9609965,1
-0.2509942,1
0,1
0,1
0,1
0,1
0,1
0,1
0,1
0,1
0,1
0,1
0,1
0,1
0,1
0,1
0,1
0,1
0,1
0.3192402,1
0.4030885,1
0.6693203,1
0.78712,1
0.8520089,1
0.8935899,1
0.9216282,1
0.9393287,1
0.9341788,1
0.9341788,1
0.09867102,1
0.0492318,1
0.01619607,1
0,1
0,1
0,1
0,1
0,1
0,1
0,1
0,1
0,1
0,1
0,1
0,1
0,1
0,1
0,1
0,1
0,1
0,1
0,1
0,1
0,1
0,1
0,1
0,1
0,1
0,1
0,1
0,1
0,1
0,1
0,1
0,1
0,1
0,1
0,1
0,1
0,1
0,1
0,1
0,1
0,1
0,1
0,1
0,1
0,1
0,1
0,1
0,1
0,1
0,1
0,1
0,1
0,1
0,1
0,1
0,1
0,1
0,1
0,1
0,1
0,1
0,1
0,1
0,1
0,1
0,1
0,1
-0.04259415,1
-0.374783,1
-0.3989305,1
-0.4162875,1
-0.4273504,1
-0.4368872,1
-0.4405876,1
-0.4209034,1
-0.3291204,1
-0.2570215,1
-0.1676418,1
-0.0520166,1
-0.02096444,1
-0.002729967,1
-0.0003266335,1
-0.2819701,1
-0.6179736,1
-1,1
-1,1
-1,1
-1,1
-1,1
-1,1
-1,1
-1,1
-1,1
-1,1
-1,1
-1,1
-1,1
-1,1
-1,1
-1,1
-1,1
-0.9931167,1
-0.707239,1
-0.6182025,1
-0.3172184,1
-0.1332708,1
-0.06109573,1
-0.00471361,1
0,1
0,1
0,1
-0.3203084,1
-0.7199422,1
-1,1
-1,1
-1,1
-1,1
-1,1
-1,1
-1,1
-1,1
-1,1
-1,1
-1,1
-1,1
-1,1
-1,1
-1,1
-1,1
-1,1
-1,1
-1,1
-1,1
-1,1
-1,1
-1,1
-1,1
-1,1
-1,1
-1,1
-0.6896148,1
-0.6129764,1
-0.2559152,1
-0.1793913,1
-0.01699708,1
0,1
0,1
0,1
0,1
0,1
0,1
0,1
0,1
0,1
0,1
0,1
0,1
0,1
0,1
0,1
0,1
0,1
0,1
0,1
0,1
0,1
0,1
0,1
0,1
0,1
0,1
0,1
0,1
0,1
0,1
0,1
0,1
0,1
0,1
0,1
0,1
0,1
0,1
0,1
0,1
0,1
0,1
0,1
0,1
0,1
0,1
0,1
0,1
0,1
0,1
0,1
-0.01241945,1
-0.3101611,1
-0.6896148,1
-0.7346289,1
-1,1
-1,1
-1,1
-1,1
-1,1
-1,1
-1,1
-1,1
-1,1
-1,1
-1,1
-1,1
-1,1
-1,1
-1,1
-1,1
-1,1
-1,1
-1,1
-1,1
-1,1
-1,1
-1,1
-1,1
-1,1
-1,1
-1,1
-1,1
-1,1
-1,1
-1,1
-1,1
-1,1
-1,1
-1,1
-1,1
-1,1
-1,1
-1,1
-1,1
-1,1
-1,1
-1,1
-0.9410453,1
-0.5277929,1
-0.01604341,1
0,1
0,1
0,1
0,1
0,1
0,1
0,1
0,1
0,1
0,1
-0.1932007,1
-0.4996018,1
-0.8317907,1
-0.885388,1
-0.9123966,1
-0.9301732,1
-0.916135,1
-0.6179736,1
-0.03671944,1
0,1
0,1
0,1
0,1
0,1
0,1
0,1
0,1
0,1
0,1
0,1
0,1
0,1
0,1
0,1
0,1
0,1
0,1
0,1
0,1
0,1
0,1
0,1
0,1
0,1
0,1
0,1
0,1
0,1
0,1
0,1
0,1
0,1
0,1
0,1
0,1
0,1
0,1
0,1
0,1
0,1
0,1
0,1
0,1
0,1
0,1
0,1
0,1
0,1
0,1
0,1
0,1
0,1
0,1
0,1
0,1
0,1
0,1
0,1
0,1
0,1
0,1
0,1
0,1
0,1
0,1
0,1
0,1
0,1
0,1
0,1
0,1
0,1
0,1
0,1
0,1
0,1
0,1
0,1
0,1
0,1
0,1
0,1
0,1
0,1
0,1
0,1
0,1
0,1
0,1
0,1
0,1
0,1
0,1
0,1
0,1
0,1
0,1
0,1
0,1
0,1
0,1
0,1
0,1
0,1
0,1
0,1
0,1
0,1
0,1
0,1
0,1
0,1
0,1
0,1
0,1
0,1
0,1
0,1
0,1
0,1
0,1
0,1
0,1
0,1
-0.6046221,1
-0.8858458,1
-1,1
-1,1
-1,1
-1,1
-1,1
-1,1
-1,1
-1,1
-1,1
-1,1
-1,1
-1,1
-1,1
-1,1
-1,1
-1,1
-1,1
-1,1
-1,1
-1,1
-1,1
-1,1
-1,1
-1,1
-1,1
-1,1
-1,1
-1,1
-1,1
-1,1
-1,1
-1,1
-1,1
-1,1
-1,1
-1,1
-1,1
-1,1
-1,1
-1,1
-1,1
-0.6872878,1
-0.6182788,1
-0.3360251,1
-0.2796811,1
-0.119614,1
-0.05010918,1
-0.02367295,1
-0.007002428,1
-0.001432896,1
-0.359524,1
-0.4167072,1
-0.5045992,1
-0.5926437,1
-0.8487664,1
-0.9255574,1
-0.9457375,1
-0.9590891,1
-0.9674816,1
-0.9726315,1
-0.9490563,1
-0.871159,1
-0.5221471,1
-0.1950318,1
-0.1177067,1
-0.06601676,1
0,1
0,1
0,1
0,1
0,1
0,1
0,1
0,1
0,1
0,1
0,1
0,1
0,1
0,1
0,1
0,1
0,1
0,1
0,1
0,1
0,1
0,1
0,1
0,1
0,1
0,1
0,1
0,1
0,1
0,1
0,1
0,1
0,1
0,1
0,1
0,1
0,1
0,1
0,1
0,1
0,1
0,1
0,1
-0.05899757,1
-0.3571588,1
-0.3990068,1
-0.5470574,1
-0.6175159,1
-0.7011735,1
-0.7932998,1
-1,1
-1,1
-1,1
-1,1
-1,1
-1,1
-1,1
-1,1
-1,1
-1,1
-1,1
-1,1
-1,1
-1,1
-1,1
-1,1
-1,1
-1,1
-1,1
-1,1
-1,1
-1,1
-1,1
-1,1
-1,1
-1,1
-1,1
-1,1
-1,1
-1,1
-1,1
-1,1
-1,1
-1,1
-1,1
-1,1
-1,1
-1,1
-1,1
-1,1
-1,1
-1,1
-0.9736996,1
-0.5968399,1
-0.2282201,1
-0.1431129,1
0,1
0,1
0,1
0,1
0,1
0,1
0,1
0,1
0,1
0,1
0,1
0,1
0,1
0,1
0,1
0,1
0,1
0,1
0,1
0,1
0,1
0,1
0,1
0,1
0,1
0,1
0,1
0,1
0,1
0,1
0,1
0,1
0,1
0,1
0,1
0,1
0,1
0,1
0,1
0,1
0,1
0,1
0,1
0,1
0,1
0,1
0,1
0,1
0,1
0,1
0,1
0,1
0,1
0,1
0,1
0,1
0,1
0,1
0,1
0,1
0,1
0,1
0,1
0,1
0,1
0,1
0,1
0,1
0,1
0,1
0,1
0,1
0,1
0,1
0,1
0,1
0,1
0,1
0,1
0,1
0,1
0,1
0,1
0,1
0,1
0,1
0,1
0,1
0,1
0,1
0,1
0,1
0,1
0.3712353,1
0.4566859,1
0.5408393,1
0.6246877,1
0.6925903,1
0.7365744,1
0.7818937,1
0.7534738,1
0.6778653,1
0.3066133,1
0,1
0,1
0,1
0,1
0,1
0,1
0,1
0,1
0,1
0,1
0,1
0,1
0,1
0,1
0,1
0,1
0,1
0,1
0,1
0,1
0,1
0,1
-0.2566401,1
-0.562736,1
-0.6172488,1
-1,1
-1,1
-1,1
-1,1
-1,1
-1,1
-1,1
-1,1
-1,1
-1,1
-1,1
-1,1
-1,1
-1,1
-1,1
-1,1
-1,1
-1,1
-1,1
-1,1
-1,1
-1,1
-1,1
-1,1
-1,1
-1,1
-1,1
-1,1
-1,1
-1,1
-1,1
-1,1
-1,1
-1,1
-1,1
-1,1
-1,1
-1,1
-1,1
-1,1
-1,1
-1,1
-1,1
-1,1
-1,1
-1,1
-1,1
-1,1
-1,1
-1,1
-1,1
-1,1
-1,1
-0.6896148,1
-0.1950318,1
0,1
0,1
0,1
0,1
0,1
0,1
0,1
0,1
0,1
0,1
0,1
0,1
-0.2854796,1
-0.3482704,1
-0.4780103,1
-0.5497658,1
-0.625298,1
-0.6325079,1
-0.5786054,1
-0.2672069,1
0,1
0,1
0,1
0,1
0,1
0,1
0,1
0,1
0,1
0,1
0,1
0,1
0,1
0,1
0,1
0,1
0,1
0,1
0,1
0,1
0,1
0,1
0,1
0,1
0,1
0,1
0,1
0,1
0,1
0,1
0,1
0,1
0,1
0,1
0,1
0,1
0,1
0,1
0,1
0,1
0,1
0,1
0,1
0,1
0,1
0,1
0,1
0,1
0,1
0,1
0,1
0,1
0,1
0,1
0,1
-0.02580918,1
-0.3813826,1
-0.6931625,1
-0.7394737,1
-1,1
-1,1
-1,1
-1,1
-1,1
-1,1
-1,1
-1,1
-1,1
-1,1
-1,1
-1,1
-1,1
-1,1
-1,1
-1,1
-1,1
-1,1
-1,1
-1,1
-1,1
-1,1
-1,1
-1,1
-1,1
-1,1
-1,1
-1,1
-1,1
-1,1
-1,1
-1,1
-1,1
-1,1
-1,1
-1,1
-1,1
-1,1
-1,1
-1,1
-1,1
-1,1
-1,1
-1,1
-0.7495446,1
-0.4358572,1
-0.3641399,1
0,1
0,1
0,1
0,1
0,1
0,1
0,1
0,1
0,1
0,1
0,1
0,1
0,1
0,1
0,1
0,1
0,1
0,1
0,1
0,1
0,1
0,1
0,1
0,1
0,1
0,1
0,1
0,1
0,1
0,1
0,1
0,1
0,1
0,1
0,1
0,1
0,1
0,1
0,1
0,1
0,1
0,1
0,1
0,1
0,1
0,1
0,1
0,1
0,1
0,1
0,1
0,1
0,1
0,1
0,1
0,1
0,1
0,1
-0.000975132,1
-0.3007768,1
-0.3565103,1
-0.4705334,1
-0.5586542,1
-0.5712811,1
-0.5894011,1
-0.59272,1
-0.5307302,1
-0.1288076,1
-0.04709557,1
0,1
0,1
0,1
0,1
0,1
0,1
0,1
0,1
0,1
0,1
0,1
0,1
0,1
0,1
0,1
0,1
0,1
0,1
0,1
0,1
0,1
0,1
0,1
0,1
0,1
0,1
0,1
0,1
0,1
0,1
0,1
0,1
0,1
0,1
0,1
0,1
0,1
0,1
0,1
0,1
0,1
0,1
0,1
0,1
0,1
0,1
0,1
0,1
0,1
0,1
0,1
-0.6572656,1
-0.9443641,1
-1,1
-1,1
-1,1
-1,1
-1,1
-1,1
-1,1
-1,1
-1,1
-1,1
-1,1
-1,1
-1,1
-1,1
-0.6919799,1
-0.3031038,1
0,1
0,1
0,1
0,1
0,1
0,1
0,1
0,1
0,1
0,1
0,1
0,1
0,1
0,1
0,1
-0.009138733,1
-0.63823,1
-0.7163562,1
-1,1
-1,1
-1,1
-1,1
-1,1
-1,1
-1,1
-1,1
-1,1
-1,1
-1,1
-1,1
-1,1
-1,1
-1,1
-1,1
-1,1
-1,1
-1,1
-1,1
-1,1
-1,1
-1,1
-1,1
-1,1
-1,1
-1,1
-1,1
-1,1
-1,1
-1,1
-0.7424873,1
-0.4382224,1
-0.3681072,1
0,1
0,1
0,1
0,1
0,1
0,1
0,1
0,1
0,1
0,1
0,1
0,1
0,1
0,1
0,1
0,1
0,1
0,1
0,1
0,1
0,1
0,1
0,1
0,1
0,1
0,1
0,1
0,1
0,1
0,1
0,1
0,1
0,1
0,1
0,1
0,1
0,1
0,1
0,1
0,1
0,1
0,1
0,1
0,1
0,1
0,1
0,1
0,1
0,1
0,1
0,1
0,1
0,1
0,1
0,1
0,1
0,1
0,1
0,1
0,1
0,1
0,1
0,1
0,1
0,1
0,1
0,1
0,1
0,1
0,1
0,1
0,1
0,1
0,1
0,1
0,1
0,1
0,1
0,1
0,1
0,1
0,1
0,1
-0.2517191,1
-0.6292654,1
-0.6830916,1
-1,1
-1,1
-1,1
-1,1
-1,1
-1,1
-1,1
-1,1
-1,1
-1,1
-1,1
-1,1
-1,1
-1,1
-1,1
-1,1
-1,1
-1,1
-1,1
-1,1
-1,1
-1,1
-1,1
-1,1
-1,1
-1,1
-1,1
-1,1
-1,1
-1,1
-1,1
-1,1
-1,1
-1,1
-1,1
-1,1
-0.5651012,1
-0.1785902,1
0,1
0,1
0,1
0,1
0,1
0,1
0,1
0,1
0,1
0,1
0,1
0,1
0,1
0,1
0,1
0,1
0,1
0,1
0,1
0,1
0,1
0,1
0,1
0,1
0,1
0,1
0,1
0,1
0,1
0.005324036,1
0.2936813,1
0.4134265,1
0.4660702,1
0.4999451,1
0.5113131,1
0.4766752,1
0.09985358,1
0.001585484,1
0,1
0,1
0,1
0,1
0,1
0,1
0,1
0,1
0,1
0,1
0,1
0,1
0,1
0,1
0,1
0,1
0,1
0,1
0,1
0,1
0,1
0,1
0,1
0,1
0,1
0,1
0,1
0,1
0,1
0,1
0,1
0,1
0,1
0,1
0,1
0,1
0,1
0,1
0,1
0,1
0,1
0,1
0,1
0,1
0,1
0,1
0,1
0,1
0,1
0,1
0,1
0,1
0,1
0,1
0,1
0,1
0,1
0,1
0,1
0,1
0,1
0,1
0,1
0,1
0,1
0,1
0,1
0,1
0,1
0,1
0,1
0,1
0,1
0,1
0,1
0,1
0,1
0,1
0,1
0,1
0,1
0,1
0,1
0,1
0,1
0,1
0,1
0,1
0,1
0,1
0,1
0,1
0,1
0,1
0,1
0,1
0,1
0,1
0,1
0,1
0,1
0,1
0,1
0,1
-0.2578226,1
-0.7154788,1
-1,1
-1,1
-1,1
-1,1
-1,1
-1,1
-1,1
-1,1
-1,1
-1,1
-1,1
-1,1
-1,1
-1,1
-1,1
-0.4276556,1
-0.01955301,1
0,1
0,1
0,1
0,1
-0.253779,1
-0.7260457,1
-1,1
-1,1
-1,1
-1,1
-1,1
-1,1
-1,1
-1,1
-1,1
-1,1
-1,1
-1,1
-1,1
-1,1
-1,1
-1,1
-1,1
-1,1
-1,1
-1,1
-1,1
-1,1
-1,1
-1,1
-1,1
-1,1
-1,1
-1,1
-1,1
-1,1
-1,1
-1,1
-1,1
-1,1
-1,1
0,1
0,1
0,1
0,1
0,1
0,1
0,1
0,1
0,1
0,1
0.7755612,1
1,1
1,1
1,1
1,1
1,1
1,1
1,1
0.9668331,1
0,1
0,1
0,1
0,1
0,1
0,1
0,1
0,1
0,1
0,1
0,1
0,1
0,1
0,1
0,1
-0.04488297,1
-0.07028922,1
-0.08650199,1
-0.09710699,1
-0.1007692,1
-0.1098482,1
-0.4828551,1
-0.8552896,1
-1,1
-1,1
-1,1
-1,1
-1,1
-1,1
-1,1
-1,1
-1,1
-1,1
-1,1
-1,1
-1,1
-1,1
-1,1
-1,1
-1,1
-1,1
-1,1
-1,1
-1,1
-1,1
-1,1
-1,1
-1,1
-1,1
-1,1
-1,1
-0.4385276,1
-0.3487282,1
-0.2521768,1
-0.1754239,1
-0.08451827,1
-0.07307403,1
-0.1418922,1
-0.5811232,1
-1,1
-1,1
-1,1
-1,1
-1,1
-1,1
-1,1
-1,1
-1,1
-1,1
-1,1
-1,1
-1,1
-1,1
-1,1
-1,1
-1,1
-0.7272283,1
-0.3172184,1
0,1
0,1
0,1
0,1
0,1
0,1
0,1
0,1
0,1
0,1
0,1
0,1
0,1
0,1
0,1
0,1
0,1
0,1
0,1
0,1
-0.6328131,1
-0.9997926,1
-1,1
-1,1
-1,1
-1,1
-1,1
-1,1
-1,1
-0.294902,1
0,1
0,1
0,1
0,1
0,1
0,1
0,1
0,1
0,1
0,1
0,1
0,1
0,1
0,1
0,1
0,1
0,1
0,1
0,1
0,1
0,1
0,1
0,1
0,1
0,1
0,1
0,1
0,1
0,1
0,1
0,1
0,1
0,1
0,1
0,1
0,1
0,1
0,1
0,1
0,1
0,1
0,1
0,1
0,1
0,1
0,1
0,1
0,1
0,1
0,1
0,1
0,1
0,1
0,1
0,1
0,1
0,1
0,1
0,1
0,1
0,1
0,1
0,1
0,1
0,1
0,1
0,1
0,1
0,1
0,1
0,1
0,1
0,1
0,1
0,1
0,1
0,1
0,1
0,1
0,1
0,1
0,1
0,1
0,1
0,1
0,1
0,1
0,1
0,1
0,1
0,1
0,1
0,1
0,1
0,1
0,1
0,1
0,1
0,1
0,1
0,1
0,1
0,1
0,1
0,1
0,1
0,1
0,1
0,1
0,1
0,1
0,1
0,1
0,1
-0.03923714,1
-0.3759656,1
-0.4448219,1
-0.7657573,1
-1,1
-1,1
-1,1
-1,1
-1,1
-1,1
-1,1
-1,1
-1,1
-1,1
-1,1
-1,1
-1,1
-1,1
-1,1
-1,1
-1,1
-1,1
-1,1
-1,1
-1,1
-1,1
-1,1
-1,1
-1,1
-1,1
-1,1
-1,1
-1,1
-1,1
-1,1
-1,1
-1,1
-1,1
-1,1
-1,1
-1,1
-1,1
-1,1
-1,1
-1,1
-0.6355978,1
-0.3418998,1
-0.301082,1
-0.2314626,1
0,1
0,1
0,1
0,1
0,1
0,1
0,1
0,1
0,1
0,1
0,1
0,1
0,1
0,1
0,1
0,1
0,1
0,1
0,1
0,1
0,1
0,1
0,1
0,1
0,1
0,1
0,1
0,1
0,1
0,1
0,1
0,1
0,1
0,1
0,1
0,1
0,1
-0.08482344,1
-0.36002,1
-0.3987779,1
-0.4532907,1
-0.4841902,1
-0.5061251,1
-0.5316076,1
-0.545646,1
-0.5772321,1
-0.6300283,1
-1,1
-1,1
-1,1
-1,1
-1,1
-1,1
-1,1
-1,1
-1,1
-1,1
-1,1
-1,1
-0.7530923,1
-0.68992,1
-0.3736005,1
-0.3194309,1
-0.03645234,1
0,1
0,1
0,1
0,1
0,1
0,1
0,1
0,1
0,1
-0.3066515,1
-0.7189884,1
-1,1
-1,1
-1,1
-1,1
-1,1
-1,1
-1,1
-1,1
-1,1
-1,1
-1,1
-1,1
-1,1
-1,1
-1,1
-1,1
-1,1
-1,1
-1,1
-1,1
-1,1
-1,1
-1,1
-1,1
-1,1
-1,1
-1,1
-1,1
-1,1
-1,1
-0.9206364,1
-0.6238484,1
-0.6179736,1
-0.59066,1
-0.5072314,1
-0.4826643,1
-0.4643535,1
-0.4520319,1
-0.4440971,1
-0.4857162,1
-0.5732648,1
-0.8743634,1
-0.9154102,1
-0.961912,1
-0.9937653,1
-1,1
-1,1
-0.9208652,1
-0.6032106,1
-0.5389701,1
-0.1891571,1
0,1
0,1
0,1
0,1
0,1
0,1
0,1
0,1
0,1
0,1
0,1
0.2913162,1
0.3508645,1
0.641053,1
0.7031953,1
0.8216816,1
0.8735241,1
0.918996,1
0.9333777,1
0.8944672,1
0.1714948,1
0.1038973,1
0.03633797,1
0,1
0,1
0,1
0,1
0,1
0,1
0,1
0,1
0,1
0,1
0,1
0,1
0,1
0,1
0,1
0,1
0,1
0,1
0,1
0,1
0,1
0,1
0,1
0,1
0,1
0,1
0,1
0,1
0,1
0,1
0,1
0,1
0,1
0,1
0,1
0,1
0,1
0,1
0,1
0,1
0,1
0,1
0,1
0,1
0,1
0,1
0,1
0,1
0,1
0,1
0,1
0,1
0,1
0,1
0,1
0,1
0,1
0,1
0,1
0,1
0,1
0,1
0,1
0,1
0,1
0,1
0,1
0,1
0,1
0,1
0,1
0,1
0,1
0,1
0,1
0,1
0,1
0,1
0,1
0,1
0,1
0,1
0,1
0,1
0,1
0,1
0,1
0,1
0,1
0,1
0,1
0,1
0,1
0,1
0,1
0,1
0,1
0,1
0,1
0,1
0,1
-0.03336243,1
-0.3886688,1
-0.6884704,1
-0.7332556,1
-0.8245046,1
-1,1
-1,1
-1,1
-1,1
-1,1
-1,1
-1,1
-1,1
-1,1
-1,1
-1,1
-1,1
-1,1
-1,1
-1,1
-1,1
-1,1
-1,1
-1,1
-1,1
-1,1
-1,1
-1,1
-1,1
-1,1
-1,1
-1,1
-1,1
-1,1
-1,1
-1,1
-1,1
-1,1
-1,1
-1,1
-1,1
-1,1
-1,1
-1,1
-1,1
-0.961912,1
-0.9196827,1
-0.5366812,1
-0.1844649,1
0,1
0,1
0,1
0,1
0,1
0,1
0,1
0,1
0,1
0,1
0,1
0,1
0,1
0,1
0,1
0,1
0,1
0,1
0,1
-0.0857009,1
-0.3689083,1
-0.4270451,1
-0.5134112,1
-0.6521921,1
-0.6939636,1
-0.7197514,1
-0.7362693,1
-0.7469887,1
-0.7469887,1
-0.6395652,1
-0.3407173,1
-0.2580515,1
0,1
0,1
0,1
0,1
0,1
0,1
0,1
0,1
0,1
0,1
0,1
0,1
0,1
0,1
0,1
0,1
0,1
0,1
0,1
0,1
-0.318172,1
-0.6396415,1
-1,1
-1,1
-1,1
-1,1
-1,1
-1,1
-1,1
-1,1
-1,1
-1,1
-1,1
-1,1
-1,1
-1,1
-1,1
-1,1
-1,1
-1,1
-1,1
-1,1
-1,1
-1,1
-0.5956573,1
-0.3160358,1
-0.00238657,1
0,1
0,1
0,1
0,1
0,1
0,1
0,1
0,1
-0.2188358,1
-0.5409538,1
-0.8792844,1
-1,1
-1,1
-1,1
-1,1
-1,1
-1,1
-1,1
-1,1
-1,1
-1,1
-1,1
-1,1
-1,1
-1,1
-1,1
-1,1
-1,1
-1,1
-1,1
-0.9284948,1
-0.6539468,1
-0.6017991,1
-0.3943909,1
-0.09283446,1
-0.02878472,1
0,1
0,1
0,1
0,1
0,1
0,1
0,1
0,1
0,1
0,1
0,1
0,1
0,1
0,1
0,1
0,1
0,1
0,1
0,1
0,1
0,1
0,1
0,1
0,1
0,1
0,1
0,1
0,1
0,1
0,1
0,1
0,1
0,1
0,1
0,1
0,1
0,1
0,1
0,1
0,1
0,1
0,1
0,1
0,1
0,1
0,1
0,1
0,1
0,1
0,1
0,1
0,1
0,1
0,1
0,1
0,1
0,1
0,1
0,1
0,1
0,1
0,1
0,1
0,1
0,1
0,1
0,1
0,1
0,1
0,1
0,1
0,1
0,1
0,1
0,1
0,1
0,1
-0.05705208,1
-0.1013414,1
-0.129685,1
-0.1480339,1
-0.1700833,1
-0.1730969,1
-0.1430366,1
-0.08440383,1
0,1
0,1
0,1
0,1
0,1
0,1
0,1
0,1
0,1
-0.2819701,1
-0.3805815,1
-0.4593562,1
-0.5341254,1
-0.5905837,1
-0.6261373,1
-0.6490258,1
-0.6551294,1
-0.2760953,1
0,1
0,1
0,1
0,1
0,1
0,1
0,1
0,1
0,1
0,1
0,1
0,1
0,1
0,1
0,1
-0.3054689,1
-0.5979843,1
-0.6418923,1
-0.7176151,1
-0.9061022,1
-1,1
-1,1
-1,1
-1,1
-1,1
-1,1
-1,1
-1,1
-0.9809858,1
-0.6038591,1
-0.2420296,1
-0.2194843,1
-0.1744702,1
-0.1272054,1
-0.08673087,1
-0.03813088,1
-0.0189808,1
-0.01501344,1
-0.009215027,1
-0.004866198,1
-0.004866198,1
-0.004866198,1
-0.004866198,1
-0.004866198,1
-0.004866198,1
-0.007345825,1
-0.01337312,1
-0.0614772,1
-0.3736005,1
-0.6825957,1
-1,1
-1,1
-1,1
-1,1
-1,1
-1,1
-1,1
-1,1
-1,1
-1,1
-1,1
-1,1
-1,1
-1,1
-1,1
-1,1
-1,1
-1,1
-1,1
-1,1
-1,1
-1,1
-1,1
-1,1
-1,1
-1,1
-1,1
-1,1
-0.6696636,1
-0.3782926,1
-0.302913,1
-0.133576,1
-0.07734656,1
-0.04148781,1
-0.01882821,1
-0.02584733,1
-0.1011125,1
-0.8649791,1
-1,1
-1,1
-1,1
-1,1
-1,1
-1,1
-1,1
-1,1
-0.8118014,1
-0.4368109,1
-0.3501016,1
0,1
0,1
0,1
0,1
0,1
0,1
0,1
0,1
0,1
0,1
0,1
0,1
0,1
0,1
0,1
0.3157306,1
0.3431587,1
0.3713498,1
0.3873718,1
0.4011811,1
0.4019059,1
0.4182713,1
0.4257864,1
0.4370017,1
0.4440589,1
0.4202549,1
0.1280446,1
0.02760217,1
0,1
0,1
0,1
0,1
0,1
0,1
0,1
0,1
0,1
0,1
0,1
0,1
-0.02138406,1
-0.3172184,1
-0.3658946,1
-0.5362616,1
-0.6163715,1
-0.696672,1
-0.7579371,1
-0.8300359,1
-0.9157917,1
-1,1
-1,1
-1,1
-1,1
-1,1
-1,1
-1,1
-1,1
-1,1
-1,1
-1,1
-1,1
-1,1
-1,1
-0.9720975,1
-0.8040193,1
-0.7138003,1
-0.6314017,1
-0.5662075,1
-0.5183322,1
-0.4883865,1
-0.8082919,1
-1,1
-1,1
-1,1
-1,1
-1,1
-1,1
-1,1
-1,1
-1,1
-1,1
-1,1
-1,1
-1,1
-1,1
-1,1
-1,1
-1,1
-1,1
-1,1
-1,1
-1,1
-1,1
-1,1
-1,1
-0.9143039,1
-0.6032106,1
-0.2902099,1
0,1
0,1
0,1
0,1
0,1
0,1
0,1
0,1
0,1
0,1
0,1
0,1
0,1
0,1
0,1
0,1
0,1
0,1
0,1
0,1
0,1
0,1
0,1
0,1
0,1
0,1
0,1
0,1
0,1
0,1
0,1
0,1
0,1
0,1
0,1
0,1
0,1
0,1
0,1
0,1
0,1
0,1
0,1
0,1
0,1
0,1
0,1
0,1
0,1
0,1
0,1
0,1
0,1
0,1
0,1
0,1
0,1
0,1
0,1
0,1
0,1
0,1
0,1
0,1
0,1
0,1
0,1
0,1
0,1
0,1
0,1
0,1
0,1
0,1
0,1
0,1
0,1
0,1
0,1
0,1
0,1
0,1
0,1
0,1
0,1
0,1
0,1
0,1
0,1
0,1
0,1
0,1
0,1
0,1
0,1
0,1
0,1
0,1
0,1
0,1
0,1
0,1
0,1
0,1
0,1
0,1
0,1
0,1
0,1
0,1
0,1
0,1
0,1
0,1
0,1
0,1
0,1
0,1
0,1
0,1
0,1
0,1
0,1
0,1
0,1
0,1
0,1
0,1
0,1
0,1
0,1
0,1
0,1
0,1
0,1
0,1
0,1
0,1
0,1
0,1
0,1
0,1
0,1
0,1
0,1
0,1
-0.07585883,1
-0.2575938,1
-0.5521691,1
-0.6043932,1
-0.9394431,1
-1,1
-1,1
-1,1
-1,1
-1,1
-1,1
-1,1
-1,1
-1,1
-1,1
-1,1
-1,1
-1,1
-1,1
-1,1
-1,1
-1,1
-1,1
-1,1
-1,1
-1,1
-1,1
-1,1
-1,1
-1,1
-1,1
-1,1
-1,1
-1,1
-1,1
-1,1
-1,1
-1,1
-1,1
-1,1
-1,1
-1,1
-1,1
-1,1
-1,1
-1,1
-1,1
-1,1
-1,1
-1,1
-1,1
-1,1
-1,1
-0.6008455,1
-0.1419685,1
0,1
0,1
0,1
0,1
0,1
0,1
0,1
0,1
0,1
0,1
0,1
0,1
0,1
0,1
0,1
0,1
0,1
0,1
0,1
0,1
0,1
0,1
0,1
0,1
0,1
0,1
0,1
0,1
0,1
0,1
0,1
0,1
0,1
0,1
0,1
0,1
0,1
0,1
0,1
0,1
0,1
0,1
0,1
0,1
0,1
0,1
0,1
0,1
0,1
0,1
-0.2963517,1
-0.3697857,1
-0.6896148,1
-0.7110156,1
-0.8602107,1
-1,1
-1,1
-1,1
-1,1
-1,1
-1,1
-1,1
-1,1
-1,1
-1,1
-1,1
-1,1
-1,1
-1,1
-1,1
-1,1
-1,1
-1,1
-0.7401603,1
-0.3642162,1
0,1
0,1
0,1
0,1
0,1
0,1
0,1
0,1
0,1
0,1
0,1
0,1
0,1
0,1
0,1
-0.002653673,1
-0.3816114,1
-0.7342855,1
-0.7984498,1
-1,1
-1,1
-1,1
-1,1
-1,1
-1,1
-1,1
-1,1
-1,1
-1,1
-1,1
-1,1
-1,1
-1,1
-1,1
-1,1
-0.6593638,1
-0.3404884,1
0,1
0,1
0,1
0,1
0,1
0,1
0,1
0,1
0,1
0,1
0,1
0,1
0,1
0,1
0,1
0,1
-0.3559763,1
-0.7119693,1
-1,1
-1,1
-1,1
-1,1
-1,1
-1,1
-1,1
-1,1
-0.6861052,1
-0.6093142,1
0,1
0,1
0,1
0,1
0,1
0,1
0,1
0,1
0,1
0,1
0,1
0,1
0,1
0,1
0,1
0,1
0,1
0,1
0,1
0,1
0,1
0,1
0,1
0,1
0,1
0,1
0,1
0,1
0,1
0,1
0,1
0,1
0,1
0,1
0,1
0,1
0,1
0,1
0,1
0,1
0,1
0,1
0,1
0,1
0,1
0,1
0,1
0,1
0,1
0,1
0,1
0,1
0.3757748,1
0.6684428,1
0.7203618,1
0.7976869,1
0.8690609,1
0.9297536,1
0.9904082,1
0.9766752,1
0.5674282,1
0,1
0,1
0,1
0,1
0,1
0,1
0,1
0,1
0,1
0,1
0,1
0,1
0,1
0,1
0,1
0,1
-0.2831526,1
-0.3534967,1
-0.6355978,1
-0.6946121,1
-0.7671688,1
-1,1
-1,1
-1,1
-1,1
-0.9587458,1
-0.656083,1
-0.2015168,1
0,1
0,1
0,1
0,1
0,1
0,1
0,1
0,1
0,1
0,1
0,1
0,1
0,1
0,1
0,1
0,1
0,1
0,1
0,1
0,1
0,1
0,1
0,1
0,1
0,1
0,1
0,1
-0.3547937,1
-0.4054155,1
-0.7830381,1
-1,1
-1,1
-1,1
-1,1
-1,1
-1,1
-1,1
-1,1
-1,1
-1,1
-1,1
-1,1
-1,1
-1,1
-1,1
-1,1
-1,1
-1,1
-1,1
-1,1
-1,1
-1,1
-1,1
-1,1
-1,1
-1,1
-1,1
-1,1
-1,1
-1,1
-1,1
-1,1
-1,1
-1,1
-1,1
-1,1
-1,1
-1,1
-1,1
-1,1
-1,1
-1,1
-0.9239171,1
-0.5858153,1
-0.2138385,1
-0.1476143,1
0,1
0,1
0,1
0,1
0,1
0,1
0,1
0,1
0,1
0,1
0,1
0,1
0,1
0,1
0,1
0,1
0,1
0,1
0,1
0,1
0,1
0,1
0,1
0,1
0,1
0,1
0,1
0,1
0,1
0,1
0,1
0,1
0,1
0,1
0,1
0,1
0,1
0,1
0,1
0,1
0,1
0,1
0,1
0,1
0,1
0,1
0,1
0,1
0,1
0,1
0,1
0,1
-0.009710938,1
-0.009710938,1
-0.4291052,1
-0.7554193,1
-1,1
-1,1
-1,1
-1,1
-1,1
-1,1
-1,1
-1,1
-1,1
-1,1
-1,1
-1,1
-1,1
-1,1
-1,1
-1,1
-1,1
-1,1
-1,1
-1,1
-1,1
-1,1
-1,1
-1,1
-1,1
-1,1
-1,1
-1,1
-1,1
-1,1
-1,1
-1,1
-1,1
-1,1
-1,1
-1,1
-1,1
-1,1
-1,1
-1,1
-1,1
-1,1
-1,1
-1,1
-1,1
-1,1
-1,1
-1,1
-1,1
-1,1
-1,1
-0.9185001,1
-0.6032106,1
-0.5393897,1
0,1
0,1
0,1
0,1
0,1
0,1
0,1
0,1
0,1
0,1
0,1
0,1
0,1
0,1
0,1
0,1
0,1
0,1
0,1
0,1
0,1
0,1
0,1
0.01673013,1
0.05071953,1
0.1544809,1
0.1941925,1
0.2214299,1
0.2391303,1
0.2506509,1
0.2386725,1
0.1244207,1
0.06391868,1
0.007307678,1
0,1
0,1
0,1
0,1
0,1
0,1
0,1
0,1
0,1
0,1
0,1
0,1
0,1
0,1
0,1
0,1
0,1
0,1
0,1
0,1
0,1
0,1
0,1
0,1
0,1
0,1
0,1
0,1
0,1
0,1
0,1
0,1
0,1
0,1
0,1
0,1
0,1
0,1
0,1
0,1
0,1
0,1
0,1
0,1
0,1
0,1
0,1
0,1
0,1
0,1
0,1
0,1
0,1
0,1
0,1
0,1
0,1
0,1
0,1
0,1
0,1
0,1
0,1
0,1
0,1
0,1
0,1
0,1
0,1
0,1
0,1
0,1
0,1
0,1
0,1
0,1
0,1
0,1
0,1
0,1
0,1
0,1
0,1
0,1
0,1
0,1
0,1
0,1
0,1
0,1
0,1
0,1
-0.2995942,1
-0.3655513,1
-0.6330038,1
-0.9951004,1
-1,1
-1,1
-1,1
-1,1
-1,1
-1,1
-1,1
-1,1
-1,1
-1,1
-1,1
-1,1
-1,1
-1,1
-1,1
-1,1
-1,1
-1,1
-1,1
-1,1
-1,1
-1,1
-1,1
-1,1
-1,1
-1,1
-1,1
-1,1
-0.8047823,1
-0.1973969,1
0,1
0,1
0,1
0,1
0,1
0,1
0,1
0,1
0,1
0,1
0,1
0,1
0,1
0,1
0,1
-0.09806067,1
-0.4029741,1
-0.480528,1
-0.5727307,1
-0.8444939,1
-0.9032411,1
-1,1
-1,1
-1,1
-1,1
-1,1
-1,1
-1,1
-1,1
-1,1
-1,1
-0.9948716,1
-0.7176151,1
-0.625031,1
-0.3139758,1
-0.03172204,1
0,1
0,1
0,1
0,1
0,1
0,1
0,1
0,1
0,1
0,1
0,1
0,1
0,1
0,1
0,1
0,1
0,1
0,1
0,1
0,1
0,1
0,1
0,1
0,1
0,1
0,1
-0.01558565,1
-0.413541,1
-0.497046,1
-0.8458672,1
-0.9239933,1
-1,1
-1,1
-1,1
-1,1
-1,1
-1,1
-1,1
-1,1
-1,1
-1,1
-0.6919799,1
-0.6267095,1
-0.273692,1
0,1
0,1
0,1
0,1
0,1
0,1
0,1
0,1
0,1
0,1
0,1
0,1
-0.2866622,1
-0.3627284,1
-0.7197514,1
-1,1
-1,1
-1,1
-1,1
-1,1
-1,1
-1,1
-1,1
-1,1
-1,1
-1,1
-1,1
-1,1
-1,1
-1,1
-1,1
-1,1
-1,1
-1,1
-1,1
-1,1
-1,1
-1,1
-1,1
-1,1
-1,1
-1,1
-1,1
-1,1
-1,1
-1,1
-1,1
-1,1
-1,1
-1,1
-1,1
-0.7883025,1
-0.4934219,1
-0.119843,1
-0.07196777,1
-0.006773546,1
0,1
0,1
0,1
0,1
0,1
0,1
0,1
0,1
0,1
0,1
0,1
0,1
0,1
0,1
0,1
0,1
0,1
0,1
0,1
0,1
-0.02874658,1
-0.06681785,1
-0.1284261,1
-0.1448296,1
-0.1574564,1
-0.1657344,1
-0.1700833,1
-0.1727154,1
-0.1727154,1
-0.1727154,1
-0.1692059,1
-0.1692059,1
-0.1556635,1
-0.1362082,1
-0.1051562,1
-0.08123763,1
-0.05808204,1
-0.01932412,1
-0.01058832,1
-0.005743578,1
-0.002233982,1
-0.002233982,1
-0.002233982,1
-0.001051426,1
-0.008185059,1
-0.04827812,1
-0.07109039,1
-0.1182407,1
-0.2408469,1
-0.3228642,1
-0.3550989,1
-0.3757367,1
-0.3887451,1
-0.3958023,1
-0.3837477,1
-0.3340414,1
-0.2671306,1
-0.1444481,1
-0.08371718,1
0,1
0,1
0,1
0,1
0,1
0,1
0,1
0,1
0,1
0,1
0,1
0,1
0,1
0,1
0,1
0,1
0,1
0,1
0,1
0,1
0,1
0,1
0,1
0,1
0,1
0,1
0,1
0,1
0,1
0,1
0,1
0,1
0,1
0,1
0,1
0,1
0,1
0,1
0,1
0,1
0,1
0,1
0,1
0,1
0,1
0,1
0,1
0,1
0,1
0,1
0,1
0,1
0,1
0,1
0,1
0,1
0,1
0,1
0,1
0,1
0,1
0,1
0,1
0,1
0,1
0,1
0,1
0,1
0,1
0,1
0,1
0,1
-0.3893936,1
-0.6931625,1
-0.7087267,1
-0.7587382,1
-0.8267934,1
-1,1
-1,1
-1,1
-1,1
-1,1
-1,1
-1,1
-1,1
-1,1
-1,1
-1,1
-0.6629115,1
0,1
0,1
0,1
0,1
0,1
0,1
0,1
0,1
0,1
0,1
-0.1973969,1
-0.5991669,1
-0.6642467,1
-0.9735089,1
-1,1
-1,1
-1,1
-1,1
-1,1
-1,1
-1,1
-1,1
-1,1
-1,1
-1,1
-1,1
-1,1
-1,1
-1,1
-1,1
-1,1
-1,1
-1,1
-1,1
-1,1
-1,1
-1,1
-1,1
-1,1
-1,1
-1,1
-1,1
-1,1
-1,1
-0.7342855,1
-0.6256795,1
-0.3021501,1
-0.2355826,1
-0.1479577,1
-0.0709378,1
-0.006620958,1
0,1
0,1
0,1
0,1
0,1
0,1
0,1
0,1
0,1
0,1
0,1
0,1
0,1
0,1
0,1
0,1
0,1
0,1
0,1
0,1
0,1
0,1
0,1
0,1
0,1
0,1
0,1
0,1
0,1
0,1
0,1
0,1
0,1
0,1
0,1
0,1
0,1
0,1
0,1
0,1
0,1
0,1
0,1
0,1
0,1
0,1
0,1
-0.3407173,1
-0.6590968,1
-0.9880431,1
-1,1
-1,1
-1,1
-1,1
-1,1
-1,1
-1,1
-1,1
-1,1
-1,1
-1,1
-1,1
-1,1
-1,1
-1,1
-1,1
-1,1
-1,1
-1,1
-1,1
-1,1
-1,1
-1,1
-1,1
-1,1
-1,1
-1,1
-1,1
-1,1
-1,1
-1,1
-1,1
-1,1
-1,1
-1,1
-1,1
-1,1
-1,1
-1,1
-1,1
-1,1
-1,1
-0.9826643,1
-0.6825957,1
-0.248858,1
0,1
0,1
0,1
0,1
0,1
0,1
0,1
0,1
0,1
0,1
-0.3635676,1
-0.696672,1
-0.7424873,1
-1,1
-1,1
-1,1
-1,1
-1,1
-1,1
-1,1
-0.4410835,1
0,1
0,1
0,1
0,1
0,1
0,1
0,1
0,1
0,1
0,1
0,1
0,1
0,1
0,1
0,1
0,1
0,1
0,1
0,1
0,1
0,1
0,1
0,1
0,1
0,1
0,1
0,1
0,1
0,1
0,1
0,1
0,1
0,1
0,1
0,1
0,1
0,1
0,1
0,1
0,1
0,1
0,1
0,1
0,1
0,1
0,1
0,1
0,1
0,1
0,1
0,1
0.08852378,1
0.170045,1
0.2358115,1
0.288913,1
0.3218724,1
0.3752026,1
0.3833281,1
0.3796659,1
0,1
0,1
0,1
0,1
0,1
0,1
0,1
0,1
0,1
0,1
0,1
0,1
0,1
0,1
0,1
0,1
0,1
0,1
0,1
0,1
0,1
0,1
0,1
0,1
0,1
0,1
0,1
0,1
0,1
0,1
0,1
0,1
0,1
0,1
0,1
0,1
0,1
0,1
0,1
0,1
0,1
0,1
0,1
0,1
0,1
0,1
0,1
0,1
0,1
0,1
0,1
0,1
0,1
0,1
0,1
0,1
0,1
0,1
0,1
0,1
0,1
0,1
0,1
